,buyer
0,5a913a031a955b6b7a40724a
1,5a6046835c33710ca845ed11
2,5a905973a5d47c29ae21a9e6
3,5a917a4ec150023cc9f352d2
4,5a91312150cf3c39b1432461
5,5a91738213d96d3dcb2afc07
6,5a913bac30ed121251904193
7,5a90d40fa8c8c7286d9bed60
8,5a91316dbc24906d0da14047
9,5a913c9b3a876f42fa4181da
10,5a9110d5bf2daa69d5a1d11a
11,5a9129af50cf3c39b141e115
12,59379025c983ca3ff282ba7e
13,5982197044cd4e76bdb91dd8
14,5a911984bf2daa69d5a32f3a
15,5a90960e9d051b795b0d3bb7
16,597da0e9e13bea4debfa01a6
17,5a90fefd3ca8087961c42a48
18,5a904bbe24a8b77a463fcfed
19,5a915f7513d96d3dcb275f78
20,5a9174b7e7a6d81a3418ac2c
21,5a9139225e857a124bc95cd3
22,5a90ab2ebe88aa70c9c9bf46
23,5a90e2dbbb101279555f6529
24,5a90e93ca4708771e63c4048
25,5a912e6fd587696d2f52b19d
26,5a913209d587696d2f533613
27,5a913fe551c8421b3db25743
28,5a91714bae748a6e0c054d65
29,5a9148dc51c8421b3db3aedb
30,5a91789d77a87a1b48490e6b
31,5a90baf3a4141e70cfcb1849
32,5a9049cdf3460a71bb6ae33b
33,5a916ce4ba53633cc3538968
34,5a90feacde6406794f5e2e3d
35,5a912d51ef6f0a6cfae9a9f1
36,5a8fce68fa99c115fb514a6d
37,5a90da2624a8b77a46491dcd
38,5a90fe6ca4141e70cfd58a49
39,5a90bc6b98071c2879a053fe
40,5a7307d527fab80ee6289629
41,5a914350e7a6d81a3410b062
42,5a917206e7a6d81a34182369
43,59a2bfe56e92804d50015f1d
44,5a914aee90e4ad6e3f617dde
45,5a91675cd2414d1b7eefaac4
46,5a910054de6406794f5e72e7
47,5a913fbfae748a6e0cfd6e53
48,5a916cfdc150023cc9f0a950
49,5a90d9eea8c8c7286d9cce19
50,5a91282eeef847082ae3b07b
51,5a8e2590cfe491204ea3edaf
52,5a913cdb2dc81c3dbddd2051
53,5a91676f136e123cd5b1e687
54,5a90cfc8f44bbc7a5056709e
55,5a916a4cc3e5ce1a3ae2b8a6
56,5a9149beb260876d140239cf
57,5a91444b0656621b2128f915
58,5a911723afcda669db0d0fdf
59,5a90e3545483fa2873cbd7ae
60,5a91624beea2f86d2094761a
61,5a904f29ccff24297804e950
62,5a91085103e2e939b4782014
63,5a912c8aeef847082ae4581a
64,5a9107c6a15fb66b153ae224
65,5a914329b260876d140134f7
66,5a914b39b644a36e35e74f2c
67,5a91663613d96d3dcb28926d
68,5a90a01ca5d47c29ae231072
69,5a9147ead7c0cc3dd5f2c2c8
70,5a9125f185812d092ebfdfbf
71,5a90d8ed9d051b795b141e19
72,5a911a5bd6ad8739c07e1453
73,5a91870cb644a36e35f19cde
74,5a90ccbeb2f18f70d540219e
75,5a911ad0bf2daa69d5a36140
76,5a9102f58915192965ce6765
77,5a914026eea2f86d208f1773
78,5a1b3a1b2af2df3cef3d787b
79,5a916457c067323ccfd8f318
80,5a9154c94f226b6d1a8da7c9
81,5a914246d7c0cc3dd5f1f243
82,5a9119486d3f0d39c6c8a9b4
83,5a912e9d85812d092ec12ff9
84,5a90f61da904c57a696f467d
85,5a91331c50cf3c39b14379aa
86,5a911e9a0ee0a224cdfc6a42
87,5a914a73e7a6d81a3411bb77
88,5a9182c7c067323ccfde8b70
89,5a9156169cc8e21a4033299f
90,5a914e0051c8421b3db494cd
91,5a913e3c2dc81c3dbddd510f
92,5a91686177a87a1b4845ed91
93,5a9167c5c150023cc9efc8c3
94,5a91206adec1f525a32a5f4f
95,5a9143efd7c0cc3dd5f23425
96,5a9177f690e4ad6e3f692e57
97,5a90cb2d40c2ac296c98c211
98,5a917803ae748a6e0c069f2c
99,5a918485911b813db7ff1dc7
100,5a9125da7b9bc66c1d5efbce
101,5a916f1c90e4ad6e3f677676
102,5a9117328604a524c12b2b76
103,5a915641911b813db7f6f22f
104,5a915aa8c150023cc9ed9811
105,5a90574722ec3671e05b4332
106,5a9108dd944c583abbd334e7
107,5a9128da1c41d839bd588fe2
108,5a90f501a4708771e63e2a12
109,5a9122abeef847082ae2d09b
110,5a914aa3edce3c1a469c727b
111,5a904042385c10287f13272e
112,5a91403aae748a6e0cfd82a9
113,5a91302b9f58f00824fc8f25
114,5a911542d694b46ace02f167
115,5a9169d90656621b212f0ad8
116,5a915a9251c8421b3db6996f
117,5a91837290e4ad6e3f6b66b8
118,5a914c83ae748a6e0cff4078
119,5a91276eea93e90916f8d868
120,5a913ace0188ca43247ab4f6
121,5a90eb82c2b09b71b58b0e23
122,5a90c290f3460a71bb70d1b1
123,5a91674890e4ad6e3f661525
124,5a90f5aca5d47c29ae2e4122
125,5a9176ea51c8421b3dbb8b66
126,5a916150d2414d1b7eeea9aa
127,5a916ee7b644a36e35ed0e17
128,5a911dc4afcda669db0e27e3
129,5a90ef6924a8b77a464c3f60
130,5a911e5a6575eb6ac8f6e297
131,5a9123ab7b9bc66c1d5ea899
132,5a917c9277a87a1b4849decc
133,5a9126cdc4d0110831fa5660
134,5a918150136e123cd5b6c49b
135,5a9126697b9bc66c1d5f0df3
136,5a90e0e6ccff2429780f1c5a
137,5a90b913ccff24297808ee4f
138,5a90424d5483fa2873bfdee0
139,5a916e16ba53633cc353bdb7
140,5a903dcb78278b7a9ef73790
141,5a910bfda15fb66b153b846a
142,5a913d244f226b6d1a8a283b
143,5a910b89d6ad8739c07baa79
144,5a9164d4e7a6d81a3415c688
145,5a912d9354cefb38bec52caa
146,5a912e1554cefb38bec53fba
147,5a90e24140c2ac296c9c6f54
148,5a90e057a5d47c29ae2ae5cb
149,5a9170d5edce3c1a46a2865d
150,5a915cb977a87a1b4843e4d1
151,5a91378373701b6c11220a50
