,full_id,y
0,5a914aee90e4ad6e3f617dde,1
1,5a9119486d3f0d39c6c8a9b4,1
2,5a9172f4911b813db7fbb437,1
3,5a90bd038915192965c3b8d8,1
4,5a9115e47d76846ad4b59b84,1
5,5a90a79dccff24297807430d,0
6,5a915a3313d96d3dcb2695d3,1
7,5a912834c4d0110831fa8967,0
8,5a904d6bbe88aa70c9c71455,0
9,5a73e3c543089d1e0420211c,1
10,5a91312150cf3c39b1432461,1
11,5a917a4ec150023cc9f352d2,1
12,5a9177a3136e123cd5b4f307,1
13,5a917febb873b36e1509dfae,1
14,5a9162cbe7a6d81a34156c3e,0
15,5a917ad5b644a36e35ef6bc5,1
16,5a912a1a85812d092ec08275,0
17,5a915e09136e123cd5b06131,0
18,5a917a54b260876d140abbcd,1
19,5a9167c5c150023cc9efc8c3,1
20,5a914442d7c0cc3dd5f24156,1
21,5a914e0051c8421b3db494cd,1
22,5a90ffc622ec3671e069a9f0,0
23,5a916aeeedce3c1a46a16b38,1
24,5a757d26a118155cc25deae6,0
25,5a903b9ec2b09b71b57d3ac4,0
26,5a9154c94f226b6d1a8da7c9,0
27,5a90dac72802cd7bcbb70a4a,0
28,5a90d40fa8c8c7286d9bed60,1
29,5a91575c4f226b6d1a8e13e5,0
30,5a90d62bf3460a71bb73cb3c,0
31,5a9042b598071c28799aa8f2,0
32,5a911ba48604a524c12bd29a,1
33,5a9118c983a4a424c74900b9,0
34,5a90c7fc78278b7a9efef8d8,0
35,5a91650bd2414d1b7eef4a0b,0
36,5a913c9b3a876f42fa4181da,1
37,5a91889e4f226b6d1a96ce07,0
38,5a903e8c8915192965bdd25a,0
39,5a917cff51c8421b3dbcd0ee,1
40,5a916585c3e5ce1a3ae1f694,0
41,5a916b32c150023cc9f0527a,1
42,5a9118d3bb8dde24d3851ee4,1
43,5a910ce00ee0a224cdf9c56a,0
44,5a912e7aeef847082ae4ab1c,0
45,5a90b1acf3460a71bb6ec083,0
46,5a9171fbb873b36e15071e89,1
47,5a90ce09be88aa70c9cdfdf5,0
48,5a904181a8c8c7286d92bf60,0
49,5a912d4a8a4dcc6cf45e09c2,0
50,5a917de7b260876d140b68b6,0
51,5a917361edce3c1a46a306d9,1
52,5a91369b9b3c6638b2c71037,0
53,5a916946ae748a6e0c03d0ef,1
54,5a90d55e22ec3671e062ef75,1
55,5a910cf4dec1f525a3275b52,0
56,5a9188d5b260876d140d4fdb,1
57,5a910e306d3f0d39c6c6ff77,0
58,5a9126d185812d092ec00315,1
59,5a90afdc02e3ad70dbb5e1c3,1
60,5a912fbb7c58943a01e7dbd9,1
61,5a917ba90656621b21328ed4,1
62,5a9106562c146c69e185233f,1
63,5a9128da1c41d839bd588fe2,1
64,5a914f3151c8421b3db4c79f,0
65,5a914983edce3c1a469c4cb0,0
66,5a90e93ca4708771e63c4048,1
67,5a90b4433ca8087961b8d2ce,0
68,5a912abfb268dd083727cb55,0
69,5a9118118a70d339bad0f10b,1
70,5a915f0f4f226b6d1a8f4e31,0
71,5a90836a78278b7a9efa6930,0
72,5a914f430656621b212abc66,0
73,5a9156a713d96d3dcb260aa2,0
74,5a9162b3b644a36e35eadf0b,0
75,5a90e7d424a8b77a464b25dc,0
76,5a90dad9ccff2429780e1ff7,0
77,5a910cb403e2e939b478c99f,0
78,5a90ef08b2f18f70d5456da8,1
79,5a914350e7a6d81a3410b062,1
80,5a904ecb385c10287f1492ec,1
81,5a9128f28a4dcc6cf45d4aac,0
82,5a90f94ba8c8c7286da1b8c8,0
83,5a9169eeedce3c1a46a13e7e,0
84,5a91602eb260876d1405cdd3,0
85,5a8e2590cfe491204ea3edaf,1
86,5a912b7cfdc9f26c0b942d3f,0
87,598870833370080236a04723,1
88,5a90a9f95483fa2873c3bd31,1
89,5a90eec678278b7a9e0513ec,1
90,5a911e6cd5cca425bbd64cf1,0
91,5a912d9950cf3c39b1428e9c,1
92,5a90db225a89057bc5e47846,0
93,5a914853c067323ccfd4a0f9,0
94,5a90b436be88aa70c9ca8a78,1
95,5a9052e9a5d47c29ae214c5b,0
96,5a911bbe8a70d339bad17ce7,0
97,5a91433e2dc81c3dbdde1aea,1
98,5a911cb8bb8dde24d385b3b1,0
99,5a914fd6136e123cd5ae32fe,0
100,5a9143ea0656621b2128e884,0
101,5a910e09d5cca425bbd3cf6a,1
102,5a9143efd7c0cc3dd5f23425,1
103,5a9101e38915192965ce36a8,1
104,5a91373b85812d092ec29924,0
105,5a91320a9f58f00824fcde89,0
106,5a917712eea2f86d209858fa,1
107,5a9139eb2fb586116387b4ae,0
108,5a903d42bb10127955532905,1
109,5a913c8a1f37a141e9d2653e,0
110,5a91552d77a87a1b4842b9a3,1
111,5a91206adec1f525a32a5f4f,1
112,5a91709ed2414d1b7ef13749,0
113,5a917d54b260876d140b4fe4,1
114,5a911542d694b46ace02f167,1
115,59379025c983ca3ff282ba7e,1
116,5a910b8cafcda669db0b313c,0
117,5a916d612dc81c3dbde4f3b4,0
118,5a916ff6d2414d1b7ef11ee4,0
119,5a905165f44bbc7a504f7d57,0
120,5a91683bc150023cc9efd94b,0
121,5a910fbad6ad8739c07c605f,1
122,5a916f1c90e4ad6e3f677676,0
123,5a9141ddc150023cc9e9b1d5,0
124,5a90bd08f3460a71bb70061c,1
125,5a90fed58915192965cdbf8e,0
126,5a917625c3e5ce1a3ae50755,1
127,5a9164d4e7a6d81a3415c688,1
128,5a911821d694b46ace036b85,1
129,5a911e8cd5cca425bbd6517a,0
130,59e76c0c8d2dc7258d2447a5,1
131,5a914f3ac150023cc9ebc7a9,1
132,5a91881d4f226b6d1a96b94a,0
133,5a90b9aabe88aa70c9cb0e80,1
134,5a90f4b2c2b09b71b58c7ea7,0
135,5a915c0f51c8421b3db6d2da,0
136,5a91336dd587696d2f5378c6,0
137,5a90e41cde6406794f5a17e8,1
138,5a90b99bde6406794f53b2a5,1
139,5a1b71e0e7a2f1244383feb2,1
140,5a9142c5c067323ccfd3be5b,0
141,5a9174552dc81c3dbde635d7,1
142,5a90c290f3460a71bb70d1b1,0
143,5a913947f3547e42f4dfa4e0,0
144,5a913d244f226b6d1a8a283b,1
145,5a912d9354cefb38bec52caa,1
146,5a915cfd13d96d3dcb26fbb3,0
147,5a916fc8d7c0cc3dd5f943d8,1
148,5a912f47fdc9f26c0b94cc7d,0
149,5a911b146575eb6ac8f66810,0
150,5a91312150cf3c39b1432461,1
151,5a91783d911b813db7fccc48,1
152,5a9157acd2414d1b7eed2265,1
153,5a904f29ccff24297804e950,0
154,5a912926fdc9f26c0b93c4f7,0
155,5a90fc4ea8c8c7286da23403,1
156,5a90cb98f44bbc7a5055cfa2,1
157,5a904b13a8c8c7286d93d2f7,1
158,5a91070ebb8dde24d3827c30,0
159,598ee15e1c4d60700b9edd85,0
160,5a916097ae748a6e0c0276e9,0
161,5a90ccbeb2f18f70d540219e,0
162,5a90e24140c2ac296c9c6f54,1
163,5a916a21c067323ccfd9eb0b,0
164,5a915f7513d96d3dcb275f78,0
165,5a905e5abb1012795555c4c4,0
166,5a90cb0ca8c8c7286d9a7ba5,1
167,5a915980c3e5ce1a3adff2b8,1
168,5a913826bdde2a6c17de980c,0
169,5a90fefd3ca8087961c42a48,1
170,5a90e2dbbb101279555f6529,1
171,5a9147a9136e123cd5ad0035,1
172,5a9107d6944c583abbd30623,0
173,5a90ff33be88aa70c9d5a78c,0
174,5a91607e90e4ad6e3f64e7aa,0
175,5a91788d51c8421b3dbbe3e3,0
176,5a90bfe202e3ad70dbb7b167,0
177,5a9126697b9bc66c1d5f0df3,1
178,5a9149beb260876d140239cf,1
179,5a915564136e123cd5af0b92,1
180,5a915894b873b36e150294c1,0
181,5a90f02bccff24297811622a,0
182,5a90bebef3460a71bb704bf5,0
183,5a913dd8d2414d1b7ee93ce1,1
184,5a90c9a378278b7a9eff394c,0
185,5a90c4ad9d051b795b10e59a,0
186,5a561d383f091172cd02667f,0
187,5a90cb79de6406794f56346a,1
188,5a9178c751c8421b3dbbefaf,1
189,5a904289a4708771e62f8d3c,0
190,5a91180084a57225a95552b2,0
191,5a90f7048567402cd0d5202e,0
192,5a918554c150023cc9f53b58,1
193,5a913f53b873b36e15feba56,1
194,5a9178fb4f226b6d1a94172e,1
195,591f22750694df2b0f560842,1
196,5a90dd28a5d47c29ae2a671f,0
197,5a911435a15fb66b153cce44,0
198,5a911435a15fb66b153cce44,0
199,5a915306136e123cd5aeb38c,0
200,5a9133d57b9bc66c1d6133c0,0
201,5a915976d2414d1b7eed6ab5,0
202,5a9125f185812d092ebfdfbf,1
203,5a91669eb644a36e35eb839a,1
204,5a9102f078278b7a9e08460a,0
205,5a91562dc067323ccfd6bf9d,1
206,5a9130289b3c6638b2c61371,0
207,5a90f86278278b7a9e0698e3,0
208,5a918271eea2f86d209a9882,1
209,5a90ea38385c10287f201383,1
210,5a917a2ee7a6d81a3419c556,0
211,5a9183f6b644a36e35f1183c,0
212,5a907d51385c10287f15e467,0
213,5a90677af44bbc7a50504fd0,0
214,5a914f8a2dc81c3dbddff63c,0
215,5a912ddaeef847082ae48e90,1
216,5a903ce422ec3671e058e5e0,0
217,5a90dbcea4141e70cfd0246e,1
218,5a9142fbc067323ccfd3c5c7,0
219,5a90f6b9be88aa70c9d45e6b,1
220,5a9163e9c150023cc9ef2234,0
221,5a9139225e857a124bc95cd3,0
222,5a90bc6b98071c2879a053fe,0
223,5a9163f313d96d3dcb2827ad,0
224,5a9180f0d2414d1b7ef4850e,0
225,5a91501613d96d3dcb2501dc,0
226,5a911967b58dbc3aaf3366e9,0
227,5a918492ae748a6e0c08fde3,0
228,5a918baec3e5ce1a3ae8f9fa,1
229,5a903c4aa8c8c7286d92044c,0
230,5a913281c6b0540928a07e27,0
231,5a916747ae748a6e0c038289,0
232,5a9169dfba53633cc3530052,0
233,5a91657a911b813db7f95daf,0
234,5a914a73e7a6d81a3411bb77,1
235,5a911a7010b97f25cb772269,0
236,5a915d50c3e5ce1a3ae08ec6,0
237,5a918510b644a36e35f1477d,1
238,59f3ee2b6ffa434407d6c351,1
239,5a90c0d6a5d47c29ae25f86a,1
240,5a917ea8136e123cd5b64d73,1
241,5a917f97e7a6d81a341abfd2,0
242,5a915a5b911b813db7f795e5,0
243,5a90c87ba8c8c7286d9a14b4,0
244,5a90bdd0ccff2429780989b0,0
245,5a90e057a5d47c29ae2ae5cb,1
246,5a90dd855483fa2873cae308,1
247,5a90d8ed9d051b795b141e19,1
248,58cd198a707d8633e80a9a40,0
249,5a90d1147cf1ea7c45b82fbe,0
250,5a9158a4edce3c1a469e8d84,0
251,5a90b1e29d051b795b0ec3fe,0
252,5a9112e9bb8dde24d384508d,0
253,5a90f61da904c57a696f467d,0
254,5a91121bd6ad8739c07cbc1b,1
255,5a90393a78278b7a9ef695bc,0
256,5a9049cdf3460a71bb6ae33b,1
257,5a918252d2414d1b7ef4c6df,0
258,5a910b89d6ad8739c07baa79,1
259,5a913209d587696d2f533613,1
260,5a90966702e3ad70dbb47ca8,1
261,5a91282eeef847082ae3b07b,1
262,5a915d44edce3c1a469f3fc6,1
263,5a903e41385c10287f12e3b3,1
264,5a6046835c33710ca845ed11,0
265,5a91378373701b6c11220a50,1
266,5a9123d6eef847082ae2f7c6,0
267,5a912491bdde2a6c17db73fd,0
268,5a904200a8c8c7286d92d59c,1
269,5a917a289cc8e21a4039c680,1
270,5a9161e1b260876d14061b7d,0
271,5a915a49b260876d1404d8d0,1
272,5a910f45bf2daa69d5a193ea,0
273,5a90c4b8385c10287f1a23e2,0
274,5a90d323a904c57a696a0504,0
275,5a9170b2136e123cd5b38ca1,1
276,5a91826eae748a6e0c08a19f,0
277,5a917b7ed2414d1b7ef36796,1
278,5a9116668a70d339bad0ac75,0
279,5a90f210a4141e70cfd3a063,0
280,5a90baf3a4141e70cfcb1849,1
281,5a90fe04a5d47c29ae2f8fe9,1
282,5a9178eaeea2f86d2098b6f1,1
283,5a90a7999d051b795b0dedec,1
284,5a913931aea47c123f5da5fb,0
285,5a91723bedce3c1a46a2c492,0
286,5a910c326e709f3ab5f79893,1
287,5a9175cd136e123cd5b49d3e,1
288,5a90b2edde6406794f530a32,1
289,5a91692ce7a6d81a34168778,1
290,5a911723afcda669db0d0fdf,1
291,5a911a4e944c583abbd5d0c3,1
292,5a90c400ccff2429780a5f12,1
293,5a90c454de6406794f5510fb,1
294,5a91798f911b813db7fd1a29,1
295,5a916fdab260876d1408b60c,0
296,5a91674890e4ad6e3f661525,1
297,5a917f5a13d96d3dcb2d42c3,0
298,5a9169d90656621b212f0ad8,1
299,5a906104f44bbc7a50502b9e,1
300,5a911511bb8dde24d3849702,1
301,5a913f8fb873b36e15fec39a,1
302,594892d683cfaf038467abc7,1
303,5a90cdc88915192965c6249e,1
304,5a90ebec24a8b77a464bc520,0
305,5a914b7bedce3c1a469c9f19,0
306,5a913424ef6f0a6cfaeab20f,1
307,5a911ec4bb8dde24d38609f4,0
308,5a91437dae748a6e0cfdf512,1
309,5a9111717d76846ad4b4ed24,0
310,5a90cbcb40c2ac296c98d686,0
311,5a918af990e4ad6e3f6c933d,1
312,5a90dab4bb101279555dfc6e,1
313,5a90c4fca904c57a69679dba,0
314,5a912aba9f58f00824fba3ca,0
315,5a917550b260876d1409c45c,0
316,5a912c034b685d3a19291b0f,0
317,5a9162a5ba53633cc351cf09,0
318,5a9159669cc8e21a4033b55c,0
319,5a910caed5cca425bbd39519,0
320,5a911aeb10b97f25cb7736c4,1
321,5a91201d8604a524c12c91ed,1
322,5a9172faedce3c1a46a2f14f,1
323,5a906dfb3ca8087961b6a5d9,0
324,5a91436390e4ad6e3f6066a6,1
325,5a90f3538915192965cc0cef,1
326,5a91542213d96d3dcb25a291,1
327,5a91728fc150023cc9f1b0f6,0
328,5a9160afe7a6d81a34152239,0
329,5a918912d7c0cc3dd5fdfd08,0
330,5a913f40d7c0cc3dd5f17d10,0
331,5a9159aceea2f86d20931fbc,0
332,5a903dcb78278b7a9ef73790,1
333,5a910309a5d47c29ae30418e,0
334,5a9178fb4f226b6d1a94172e,1
335,5a911c556d3f0d39c6c92587,1
336,5a9188dcc3e5ce1a3ae8923e,0
337,5a911e4083a4a424c749d947,0
338,5a90d372f3460a71bb73622d,0
339,5a90d39ab2f18f70d5413703,0
340,5a90bf955483fa2873c620e1,1
341,5a911e21a15fb66b153e491d,0
342,5a910f02bf2daa69d5a189bd,1
343,5a9178a13da5b66d0e13c578,0
344,5a916ab4e7a6d81a3416c77e,0
345,5a90f140b2f18f70d545b3ff,0
346,5a90f501a4708771e63e2a12,1
347,594f553733d3fc3b440d42b6,1
348,5a9048a9a904c57a696172f9,1
349,5a90ae9598071c28799ecbac,0
350,5a91025802e3ad70dbc2184b,1
351,5a916c4aba53633cc3536b0d,1
352,5a90eb2840c2ac296c9dd006,1
353,5a90d64cbe88aa70c9cf574f,0
354,5a917604edce3c1a46a38a1a,1
355,5a90ef928915192965cb80ba,1
356,5a914246d7c0cc3dd5f1f243,1
357,5a915e593da5b66d0e0eed46,1
358,5a9167593da5b66d0e107859,0
359,5a912c1273701b6c11203461,0
360,5a90ee2e98071c2879a81368,1
361,5a914ffee7a6d81a34128f67,1
362,5a916a3beea2f86d2095c9e0,1
363,5a916e16ba53633cc353bdb7,1
364,5932bd86b5e5c53d36706ddd,0
365,5a90c87ba8c8c7286d9a14b4,0
366,5a9162ff77a87a1b4844f408,0
367,596ec552013c28575a9866bb,0
368,5a8ecb6e3abc2a70dc856daf,1
369,5a915641911b813db7f6f22f,1
370,5a91161d10b97f25cb7669df,0
371,5a9143fcb644a36e35e61aa4,0
372,5a904d9f9d051b795b0b8b73,0
373,5a90e440a904c57a696c96a3,0
374,5a913734eef847082ae61aaa,0
375,5a90459c5483fa2873c04db8,1
376,5a90f4815483fa2873ce8961,0
377,5a9142204f226b6d1a8ae779,0
378,59e76c0c8d2dc7258d2447a5,1
379,5a911c77dec1f525a329bbbb,1
380,5a913d2c2dc81c3dbddd2b69,1
381,5a912d2aeef847082ae47217,1
382,5a911984bf2daa69d5a32f3a,1
383,5a911fedd5cca425bbd67f3e,1
384,5a913fe551c8421b3db25743,1
385,5a913243eef847082ae5462e,0
386,5a90a8fda5d47c29ae23866a,1
387,5a9129f99b3c6638b2c50be0,0
388,5a91160244558a3ac1bec096,0
389,5a91850f0656621b2134418d,1
390,5a30ac5ba71a3d10c24f0bf5,1
391,5a917bc4ba53633cc3563ee6,1
392,597da0e9e13bea4debfa01a6,0
393,5a91026e78278b7a9e082cf6,0
394,5a9168d4b873b36e15055a5c,0
395,5a90e60ca5d47c29ae2bc8fe,1
396,5a90fed48915192965cdbf8c,0
397,5a910bfda15fb66b153b846a,1
398,5a913dde2dc81c3dbddd42aa,1
399,591022026f91db4872b7e5a8,1
400,5a90ec6fbe88aa70c9d2b8a6,1
401,5a90c9dd40c2ac296c989567,0
402,5a916d8b0656621b212fbca5,1
403,5a9132f77186c838c49f5662,0
404,5a917d16d2414d1b7ef3c4c1,1
405,5a905ba1a5d47c29ae21c050,0
406,5a911e5a6575eb6ac8f6e297,0
407,5a91267bef6f0a6cfae87fd3,1
408,5a917f59c3e5ce1a3ae6db1b,0
409,5a90fc9e22ec3671e0692b24,0
410,5a90d9fb78278b7a9e01bf30,1
411,5a90e90522ec3671e06627a0,1
412,5a90e8d598071c2879a73da1,0
413,5a915530d2414d1b7eecb2a0,1
414,5a912e8e7b9bc66c1d6062ff,0
415,5a9043a0be88aa70c9c62665,0
416,5a90e0e6ccff2429780f1c5a,1
417,5a9120d32c146c69e18951d1,1
418,5a90980302e3ad70dbb48367,0
419,5a91701290e4ad6e3f67a53a,1
420,5a905303385c10287f14cd74,0
421,5a911b9503e2e939b47b2139,1
422,5a90c590b2f18f70d53f13f0,0
423,5a9154f013d96d3dcb25c101,1
424,5a917fc4b873b36e1509d712,1
425,5a9069b598071c28799cef69,0
426,5a90dd82385c10287f1e1ef0,0
427,5a905d89be88aa70c9c7f9d0,0
428,5a90c3eb24a8b77a464582a6,0
429,5a910c88dec1f525a3274b59,1
430,5a916585c3e5ce1a3ae1f694,0
431,5a90e8a7de6406794f5ac08a,1
432,5a911ee7d6ad8739c07ec5da,1
433,5a910e22a9c75569e7ec7fdd,0
434,5a8fef199ffaf66be12dcf8c,0
435,5a917940e7a6d81a34199bf5,1
436,5a91413277a87a1b483f9533,0
437,5a91730c9cc8e21a40384b04,1
438,5a913657b268dd083729a681,0
439,5a9168d84f226b6d1a90ffb0,1
440,5a91085103e2e939b4782014,1
441,5a90dee79d051b795b151cfc,1
442,5a913a7f3c321842eefff011,0
443,5a90c4ccb2f18f70d53ef24f,0
444,5a913a1c1f37a141e9d20168,0
445,5a904bbe24a8b77a463fcfed,1
446,5a9129af50cf3c39b141e115,1
447,5a90cbca5483fa2873c80343,1
448,5a918303eea2f86d209aa9e0,1
449,5a90428c02e3ad70dbb1b0c8,0
450,5a917d9f51c8421b3dbcedc4,1
451,5a90bc3a24a8b77a46446489,1
452,5a904e5b40c2ac296c925199,1
453,5a914026eea2f86d208f1773,1
454,5a911ec7d5cca425bbd656b1,1
455,5a91615fd2414d1b7eeeabc0,0
456,5a9124bb7b9bc66c1d5ecfb9,1
457,5a9172a6b260876d14093bf5,0
458,5a91036d385c10287f241c70,0
459,5a90e7798915192965ca4019,1
460,5a9161cf90e4ad6e3f652375,1
461,5a9119da03e2e939b47ad397,0
462,5a91738db873b36e15077032,0
463,5a9119c00ee0a224cdfbab33,1
464,5a914329b260876d140134f7,1
465,5a910f71bb8dde24d383c3ba,1
466,5a90f0a8a4708771e63d7040,0
467,5a912126d5cca425bbd6ac23,1
468,5a9153f5e7a6d81a34131de2,1
469,5a9131ca9b3c6638b2c65066,1
470,5a903b1cde6406794f4d8678,0
471,5a9183d3c3e5ce1a3ae7b253,1
472,5a90faa1a4141e70cfd4f2d5,1
473,5a917a04c150023cc9f3402a,1
474,5a90d133be88aa70c9ce774e,1
475,5a914ccad7c0cc3dd5f38672,0
476,5a90df4d22ec3671e0649201,0
477,5a91883c3da5b66d0e168916,1
478,5a90fbd9a8c8c7286da222c1,0
479,5a90ed458915192965cb24b7,0
480,5a913e9bd7c0cc3dd5f1664d,1
481,5a915451c3e5ce1a3adf15c6,0
482,5a914966d7c0cc3dd5f2f770,0
483,5a916fff136e123cd5b36d14,0
484,5a910b8cafcda669db0b313c,0
485,5a91597cba53633cc3503f65,0
486,5a90c87ba8c8c7286d9a14b4,0
487,5a90aa0b24a8b77a46429f0f,1
488,5a913e3c2dc81c3dbddd510f,0
489,5a912e1554cefb38bec53fba,1
490,5a90e4f722ec3671e06588a5,1
491,5a91510a13d96d3dcb2524b4,0
492,5a91787a13d96d3dcb2bef9a,1
493,5a914fd33da5b66d0e0cb2cd,1
494,5a918a9090e4ad6e3f6c83ad,1
495,5a914e9b2dc81c3dbddfd2cb,1
496,5a90bc2440c2ac296c969ef8,0
497,5a91738213d96d3dcb2afc07,1
498,5a90f4cf3ca8087961c2a9e9,0
499,5a9182c7c067323ccfde8b70,0
500,5a910054de6406794f5e72e7,1
501,5a916f4290e4ad6e3f677db7,0
502,5a91420c2dc81c3dbddde6c5,0
503,5a90f6c4ccff24297812846a,0
504,5a9102f58915192965ce6765,1
505,5a916ce413d96d3dcb29b7bb,1
506,5a91681e51c8421b3db8e3d0,0
507,5a9159b6ba53633cc3504a83,1
508,5a90a432a4708771e63301fc,1
509,5a90d23b9d051b795b131602,1
510,5a916fd44f226b6d1a9252d0,1
511,5a90bd69b2f18f70d53de333,0
512,5a913b3cec1b526b7478dccf,1
513,5a90cfeab2f18f70d5409b90,1
514,5a59dd207e363e1ff92c075d,1
515,5a59dd207e363e1ff92c075d,1
516,5a916819136e123cd5b20418,1
517,5a90482b5483fa2873c08df4,1
518,5a90cb0ba4141e70cfcd6f1f,0
519,5a9159dbc150023cc9ed7975,0
520,5a914b39b644a36e35e74f2c,1
521,5a90948a22ec3671e05c5c2a,1
522,5a90f41d580dcf2cd602b893,0
523,5a90d40f22ec3671e062b914,1
524,5a90d873a4141e70cfcf8e31,0
525,5a917660c067323ccfdc3aed,1
526,5a90ec5598071c2879a7cc5f,1
527,5a916a51d2414d1b7ef0209a,0
528,5a90b07122ec3671e05dd8d3,0
529,59682c21a7a70b68ab32b65f,0
530,5a90eb57ccff24297810b247,0
531,5a90438ff3460a71bb6a3910,0
532,5a915a4751c8421b3db68de4,0
533,5a90c039a5d47c29ae25e3fc,0
534,5a91650890e4ad6e3f65b80f,0
535,5a91031640c2ac296ca191ab,0
536,5a9127c6ef6f0a6cfae8ae5d,1
537,5a90f3b3385c10287f218c51,1
538,5a9185130656621b213441a2,1
539,5a915596ae748a6e0c00a635,0
540,5a914258b873b36e15ff30bb,0
541,5a90d35840c2ac296c9a1f52,0
542,5a90c97cb2f18f70d53fa9e8,0
543,5a91379c1c41d839bd5afdc2,1
544,5a9107798604a524c128cc29,1
545,5a90c9b3385c10287f1adfd4,0
546,5a90df3b78278b7a9e02a2fc,0
547,5a910ca9944c583abbd3c8de,0
548,5a904c1722ec3671e05a98c2,0
549,5a9043a5385c10287f138b00,0
550,5a90b913ccff24297808ee4f,1
551,5a913269c6b0540928a07ace,0
552,5a90ab2ebe88aa70c9c9bf46,1
553,5a9108dd944c583abbd334e7,1
554,5a914b25edce3c1a469c8a5c,0
555,5a910dd6b58dbc3aaf31a21b,0
556,5a912fbf8a4dcc6cf45e714c,0
557,5a91625e77a87a1b4844e14b,1
558,5a912c8aeef847082ae4581a,0
559,5a9142abc067323ccfd3bad0,0
560,5a917a1e2dc81c3dbde7637e,0
561,5a9142879cc8e21a40300513,1
562,5a915dbc3da5b66d0e0ed482,0
563,59e8651fb01a5f38b6fa7ccc,1
564,5a915b2d51c8421b3db6b0ea,1
565,5a912934690c6d0910fc0c44,0
566,5a917657b260876d1409fb0d,1
567,5a91276d4b685d3a19285d24,1
568,5a911c43d694b46ace041899,0
569,5a913cbb7d4c7c41e3d18404,0
570,5a9116ccd6ad8739c07d7e23,1
571,5a90f221a4141e70cfd3a3ff,0
572,5a9175cdba53633cc3552335,0
573,5a90f469580dcf2cd602b89f,1
574,5a90e7763ca8087961c08b1c,0
575,5a90e2c4c2b09b71b589bfb8,0
576,5a90e796a8c8c7286d9efab3,0
577,5a913fbfae748a6e0cfd6e53,1
578,5a91768b90e4ad6e3f68dda5,0
579,5a9113fc83a4a424c7485116,0
580,5a91801f136e123cd5b68e6c,0
581,5a918a06b644a36e35f2199b,1
582,5a917eef4f226b6d1a9542e5,0
583,5a91393caea47c123f5da744,0
584,5a910fc16d3f0d39c6c739f1,0
585,5a910a7683a4a424c746d634,0
586,5a9184bdd2414d1b7ef539fb,0
587,5a900e8cccff242978facd4c,0
588,5a915f09c150023cc9ee4a38,1
589,5a91524890e4ad6e3f62a558,1
590,5a910136ccff2429781414a7,1
591,5a9133158a4dcc6cf45ee9fb,0
592,5a9142c9136e123cd5ac4a76,0
593,5942644287742d63967eec3a,0
594,5a917e0690e4ad6e3f6a67bb,1
595,5a90f6738567402cd0d51d5d,1
596,5a90dbea7cf1ea7c45b8320c,0
597,5a90b304b2f18f70d53cbf7b,0
598,5a911c6e944c583abbd62e1f,0
599,5a90d1865483fa2873c8f592,0
600,5a9186f2d7c0cc3dd5fdaa98,1
601,5a90f464580dcf2cd602b898,0
602,5a903b9fccff24297802ced0,0
603,5a9187edae748a6e0c098096,0
604,5a90b99bf44bbc7a505363d9,0
605,5a9185a3b644a36e35f15d5a,0
606,5a917b35edce3c1a46a4a346,1
607,5a9160e3ba53633cc3518a14,0
608,5a913d7b13d96d3dcb224d0b,1
609,5a90c331f3460a71bb70e700,1
610,5a90d5c3f44bbc7a50575911,1
611,5a9122447b9bc66c1d5e760b,0
612,5a90eb29be88aa70c9d283bb,0
613,5a9143f913d96d3dcb233dbc,0
614,5a91521c3da5b66d0e0d1249,0
615,5a917a2d4f226b6d1a94574b,1
616,5a914336ae748a6e0cfde8e8,1
617,5a916465edce3c1a46a05692,0
618,5a9165b3c3e5ce1a3ae1fc24,0
619,5a914c80c3e5ce1a3adddcb1,0
620,5a90ce45be88aa70c9ce06e7,1
621,5a91243b73701b6c111ef7fb,1
622,5a918964e7a6d81a341c70d4,1
623,5a9168bc0656621b212ed7a1,1
624,5a913e0e3da5b66d0e09fe34,0
625,5a90f3cca904c57a696ee997,0
626,5a917b0d4f226b6d1a9487a0,1
627,5a916253b260876d1406363b,0
628,5a9184b890e4ad6e3f6b9965,0
629,5a916f97c150023cc9f12fda,1
630,5a90f5043ca8087961c2b283,1
631,58f603c4302e1945fe8d4f62,1
632,5a91378ac6b0540928a137dc,0
633,5a91770aedce3c1a46a3c160,1
634,5a914dcb0656621b212a80ca,0
635,5a913aeb4334b26d5aace47e,1
636,5a904b30f3460a71bb6b0223,1
637,5a90527ea8c8c7286d9463b5,0
638,5a914170136e123cd5ac11dd,0
639,5a91852b9cc8e21a403bc696,1
640,5a9100c9a5d47c29ae2fe8c8,0
641,5a916e34b873b36e150664bd,1
642,5a916f1cedce3c1a46a2361f,1
643,5a8bbafd768bf171280c7794,1
644,5a91534cc150023cc9ec6e55,0
645,5a91638913d96d3dcb280d95,1
646,5a9163b8b644a36e35eb0c73,1
647,5a90b41f9d051b795b0ef6b9,0
648,5a90c31dbe88aa70c9cc4705,0
649,5a90cc7d7cf1ea7c45b828bf,0
650,5a917c9277a87a1b4849decc,1
651,5a913ac4ec1b526b7478cc12,1
652,5a9189d92dc81c3dbdea43f7,1
653,5a911c5e0ee0a224cdfc0e95,0
654,5a91161eb58dbc3aaf32e504,0
655,5a914e7cc150023cc9ebaa9c,1
656,5a904669385c10287f13d8b3,1
657,5a912e7b7c58943a01e7a67d,1
658,5a90d304c2b09b71b58725c9,1
659,5a91856c911b813db7ff473a,1
660,5a915fe6c3e5ce1a3ae0f7c6,0
661,5a90c743a4708771e636be81,0
662,5a9178e6c3e5ce1a3ae5a4e5,1
663,5a91218e944c583abbd6ee0b,1
664,5a910de1944c583abbd3f478,1
665,5a912b634b685d3a19290c25,1
666,5a03c2b4811c0d1701756ea8,0
667,5a90f27e22ec3671e06790c2,0
668,5a916639e7a6d81a34160e5a,1
669,5a917dee13d96d3dcb2d01de,0
670,5a90dc8cbb101279555e514e,0
671,5a9126707b9bc66c1d5f0ead,0
672,5a91288285812d092ec04142,0
673,5a9129717b9bc66c1d5f90fc,0
674,5a909518be88aa70c9c8d9ef,0
675,5a91191184a57225a9557c91,1
676,5a9168c7c150023cc9efec0a,1
677,5a904381f44bbc7a504e4b51,1
678,5a904eb3a4141e70cfc6db0d,1
679,5a915ff73da5b66d0e0f31a5,1
680,5a90ee15c2b09b71b58b6897,1
681,5a9147a3136e123cd5acfe27,1
682,5a914aa3edce3c1a469c727b,1
683,5a910b6310b97f25cb74cb29,0
684,5a903f0740c2ac296c90a201,0
685,5a9187f1b260876d140d2956,0
686,5a917461eea2f86d2097b6ca,1
687,5a916cfdc150023cc9f0a950,1
688,5a90ebc178278b7a9e049fb7,1
689,5a917181c150023cc9f17a7e,1
690,5a90e1395483fa2873cb845e,0
691,5a8fc8e4bc25951515ee8717,0
692,5a9112eeb58dbc3aaf327033,0
693,5a903b4bbe88aa70c9c4fb0c,0
694,5a915e9377a87a1b48442e97,1
695,5a911d5dbb8dde24d385c8a9,0
696,5a91077c84a57225a952dea4,0
697,5a90c4ad9d051b795b10e59a,0
698,5a90ebc33ca8087961c13ff5,0
699,5a914d8e51c8421b3db47d3b,0
700,5a9123ab7b9bc66c1d5ea899,1
701,5a916bf451c8421b3db97a80,0
702,5a9177623da5b66d0e138999,1
703,5a910fbfafcda669db0be249,0
704,5a2629affe68167df1f91994,0
705,5a915fe0d2414d1b7eee72f1,1
706,5a915db351c8421b3db712ce,1
707,5a911dc4afcda669db0e27e3,1
708,5a91727dc3e5ce1a3ae44507,1
709,5a913e52b873b36e15fe9820,0
710,5a914f8bb873b36e1501331b,1
711,5a90f235a4141e70cfd3a995,0
712,5a9103adbe88aa70c9d650f2,1
713,5a917764911b813db7fc9c61,0
714,5a903b0824a8b77a463dd364,0
715,5a9127e8bc1b6838b84dcb07,1
716,5a911a3c6575eb6ac8f645e6,1
717,59254b696d4f883ef5f09dbf,0
718,5a915a65ba53633cc3506479,1
719,5a912e3bc4d0110831fb7ba5,0
720,5a917bb40656621b213294ce,0
721,5a904559ccff24297804151c,1
722,5a914f2fc150023cc9ebc455,0
723,5a912926eef847082ae3d47d,0
724,5a917a41b260876d140abaab,0
725,5a9109806e709f3ab5f72d89,0
726,5a918694eea2f86d209b3fd5,1
727,5a9126fabc1b6838b84da791,0
728,5a90fbbc40c2ac296ca06437,0
729,5a2feccf4e23191046a124cc,0
730,5a914114d2414d1b7ee9babe,0
731,5a90d6925a89057bc5e477b0,0
732,5a90e0cd3ca8087961bf8b4b,0
733,5a918310d2414d1b7ef4ed86,1
734,5a915a06c150023cc9ed8079,0
735,5a90de9640c2ac296c9be399,1
736,5a90780cde6406794f51017e,0
737,5a917b73136e123cd5b5b0bb,0
738,5a913002690c6d0910fd0e05,1
739,5a9107c6a15fb66b153ae224,1
740,5a90be70a4141e70cfcb953e,0
741,5a90d79dbe88aa70c9cf8c2c,1
742,5a913d094f226b6d1a8a2496,1
743,5a9124227186c838c49d0033,1
744,5a914651b873b36e15ffcf0a,0
745,5a90cb73b2f18f70d53fef3f,0
746,5a917facb873b36e1509cf82,0
747,5a903edea8c8c7286d926304,0
748,5a9139aaf3547e42f4dfb759,1
749,5a90f856a8c8c7286da18f5e,0
750,5a9040f6be88aa70c9c5cbd1,0
751,5a9159b1edce3c1a469eb81e,0
752,5a918547ae748a6e0c091a57,1
753,5a91341ab268dd0837295082,0
754,5a9044c7b2f18f70d53863b8,0
755,5a90da2624a8b77a46491dcd,1
756,5a8e25ea509a485644019a62,1
757,5a9112126575eb6ac8f4ee62,1
758,5a9046ba9d051b795b0ae9e5,0
759,5a9162ee13d96d3dcb27f228,0
760,5a9143c977a87a1b48400022,1
761,5a90feacde6406794f5e2e3d,0
762,5a91837290e4ad6e3f6b66b8,1
763,5a9186a62dc81c3dbde9c7bc,1
764,5a918056b644a36e35f070a0,0
765,5a90cb2d40c2ac296c98c211,1
766,5a914cf1b873b36e1500cc96,0
767,5a90587b5483fa2873c1ab3a,0
768,5a917fd9c150023cc9f44945,0
769,5a90ef8fccff242978114cdb,0
770,5a90c704c73a493976fdf2dc,0
771,5a911b556575eb6ac8f67261,0
772,5a9167fd90e4ad6e3f66344f,1
773,59a2bfe56e92804d50015f1d,1
774,5a914908edce3c1a469c3556,1
775,5a90dce3a904c57a696b8581,0
776,5a915ae3edce3c1a469ee5b4,1
777,5a916bd6c150023cc9f0713e,0
778,5a90e749be88aa70c9d1e7c9,0
779,5a91824c0656621b2133bdc6,0
780,5a7d3d1f8ea0865a5b79d708,1
781,5a914c54ae748a6e0cff3a60,1
782,5a9073f9ccff242978062706,0
783,5a9171cc0656621b21308778,1
784,5a90e797a5d47c29ae2c03b4,0
785,5a915890b873b36e150294bf,0
786,5a917dcc51c8421b3dbcf566,1
787,5a9100b7ccff24297813fda9,0
788,5a90960e9d051b795b0d3bb7,1
789,5a717e5c97d56d07c822142e,0
790,5a90f7e5a904c57a696f8c8c,0
791,5a9157bbc150023cc9ed2131,1
792,5a917119136e123cd5b3a061,1
793,5a90cb3122ec3671e0614b92,1
794,5a91209cbf2daa69d5a45c2d,0
795,5a9172d1d2414d1b7ef1a64d,1
796,5a914265e7a6d81a34108beb,1
797,5a90e861a5d47c29ae2c29e4,0
798,5a91403aae748a6e0cfd82a9,1
799,5a916606ba53633cc3526477,0
800,5a905adc3ca8087961b60f3d,0
801,5a903f70f44bbc7a504dcd2a,1
802,5a911a5bd6ad8739c07e1453,1
803,5a914a533da5b66d0e0be0ea,1
804,5a9154c72dc81c3dbde0c31b,1
805,59fbe406ba32a56b17907f82,0
806,5a90d4f93ca8087961bd9e2e,0
807,5a91639b3da5b66d0e0fc927,0
808,5a9124a07c58943a01e5f8b8,0
809,5a914c3751c8421b3db442ad,1
810,5a91107fbf2daa69d5a1c720,1
811,5a910206be88aa70c9d61009,1
812,5a9131e8ef6f0a6cfaea6131,1
813,5a911ad0bf2daa69d5a36140,0
814,5a910361f44bbc7a505e6365,0
815,5a911e24d5cca425bbd63e5d,0
816,5a91629790e4ad6e3f65488b,0
817,5a9149e8e7a6d81a3411a7a3,0
818,5a904403c2b09b71b57e4ce0,0
819,5a910c8a8a70d339bacf1e84,1
820,5a913ce2ae748a6e0cfcfadc,0
821,5a910c74bf2daa69d5a1257f,0
822,5a90eaaade6406794f5b0e8a,0
823,5a917bab0656621b2132909b,1
824,5a91624cd2414d1b7eeed373,0
825,5a90ca5d24a8b77a464682db,0
826,5a91675cd2414d1b7eefaac4,0
827,5a91894deea2f86d209baf4f,0
828,5a91676f136e123cd5b1e687,1
829,5a9187d0ae748a6e0c097fa4,1
830,5a91027124a8b77a464ef799,0
831,5a90cfc8f44bbc7a5056709e,1
832,5a90d9eea8c8c7286d9cce19,1
833,5a910315ccff242978145660,0
834,5a916d9fb873b36e15064914,0
835,5a90eb87ccff24297810b6f2,0
836,5a91327bc6b0540928a07e11,0
837,5a9166bfd7c0cc3dd5f7b1c3,1
838,5a90acf040c2ac296c9512fb,1
839,5a916f46e7a6d81a34179bcf,1
840,5a91393caea47c123f5da744,0
841,5a903ece98071c28799a2994,0
842,5a9170ca911b813db7fb5129,1
843,592583037a7d014059ee8fbf,1
844,5a90cfb824a8b77a464757b8,0
845,5a9150f4c3e5ce1a3adea09a,1
846,5a91686177a87a1b4845ed91,0
847,5a9170d5edce3c1a46a2865d,0
848,5a911959b58dbc3aaf336320,0
849,5a916b3b136e123cd5b292bf,0
850,5a9139361a955b6b7a4056aa,1
851,5a915462ba53633cc34f7a95,0
852,5a913e6ac067323ccfd31ac1,0
853,5a912b724b685d3a19290e4c,1
854,5a911a5f03e2e939b47ae834,0
855,5a91435577a87a1b483fe8b6,0
856,5a914c83ae748a6e0cff4078,0
857,5a916838d2414d1b7eefd121,1
858,5a91732dc3e5ce1a3ae46b17,1
859,5a903cd95483fa2873bf2369,0
860,5a91375bfdc9f26c0b961e4d,1
861,5a916a574f226b6d1a9138c8,0
862,5a910c83d694b46ace019947,1
863,5a9045473ca8087961b47d7c,0
864,5a913ae8e7d2676b806b1080,0
865,5a9150ce9cc8e21a40325341,0
866,5a912e9d85812d092ec12ff9,1
867,5a90f78dde6406794f5d1776,0
868,5a910c28a15fb66b153b8948,0
869,5a9121f5690c6d0910fadebe,0
870,5a90424d5483fa2873bfdee0,1
871,5a90db2a9d051b795b147dc9,0
872,5a90c87ba8c8c7286d9a14b4,0
873,5a90f03ede6406794f5be066,0
874,5a916a0f911b813db7fa1c08,1
875,5a903b1b02e3ad70dbb0b4c4,1
876,5a9185bb4f226b6d1a965baf,1
877,5a90bb8bc2b09b71b5837e9b,1
878,5a904681f44bbc7a504e9410,0
879,5a91731f3da5b66d0e129fe6,1
880,5a90f6b640c2ac296c9f9533,1
881,5a90e225385c10287f1ed9a5,1
882,5a90ce92ccff2429780c0de6,0
883,5a90d2315a89057bc5e476f1,0
884,5a910ef410b97f25cb75540c,0
885,5a912c71ef6f0a6cfae98391,1
886,5a8fd4ab5a41433a84f01eb1,0
887,5a9175232dc81c3dbde66197,1
888,5a90db1824a8b77a464940d5,0
889,5a91870cb644a36e35f19cde,1
890,5a9148dc51c8421b3db3aedb,0
891,5a90d42a5483fa2873c96722,0
892,5a90e2a2ccff2429780f5eda,0
893,5a90c75ea8c8c7286d99ea08,0
894,5a9159b43da5b66d0e0e403c,1
895,5a90f21498071c2879a89e61,0
896,5a9129f5c4d0110831facfa1,1
897,5a91086d0ee0a224cdf91477,0
898,5a915391b260876d1403b76e,0
899,5a9185ffae748a6e0c093358,1
900,5a916c82b260876d14080cc2,1
901,5a906afb8915192965c09db4,0
902,5a912e6fd587696d2f52b19d,1
903,5a91649f90e4ad6e3f65a3a4,1
904,5a914d6ec3e5ce1a3ade0a5d,0
905,5a8d01a57b7d206fd1d71fa3,0
906,5a9129f7c6b05409289f17a0,0
907,5a9115f37d76846ad4b59df6,0
908,5a90b983a8c8c7286d98124f,0
909,5a91650890e4ad6e3f65b80f,0
910,5a9176ea51c8421b3dbb8b66,0
911,5a91666790e4ad6e3f65ed2f,0
912,5a915cb977a87a1b4843e4d1,1
913,5a90dcd802e3ad70dbbc33ed,0
914,5a905d093ca8087961b625b3,0
915,5a91553cedce3c1a469df94d,0
916,5a90ef4098071c2879a833ee,0
917,5a90c33cf3460a71bb70e9f4,1
918,5a914d6ec150023cc9eb7f90,0
919,5a9130acc4d0110831fbd907,1
920,5a911eb90ee0a224cdfc6f10,0
921,5a917d0fb873b36e15095dae,1
922,5a90a6125483fa2873c3805c,1
923,5a916d4fd7c0cc3dd5f8d20c,1
924,5a915b5cba53633cc3508f7d,0
925,5a91487bae748a6e0cfea382,0
926,5a9128c7c6b05409289ee97e,0
927,5a90548da904c57a69625326,0
928,5a918010d2414d1b7ef450a6,0
929,5a916be3136e123cd5b2b00f,1
930,5a911915944c583abbd5a742,1
931,5a91716a2dc81c3dbde5a496,1
932,5a9121d5ef6f0a6cfae7bfad,1
933,5a911ba944558a3ac1bfa467,1
934,5a90a7b2a5d47c29ae2373bd,1
935,58d1d6d889b49144ee984b74,1
936,5a91782d51c8421b3dbbd288,0
937,5a911a316e709f3ab5f9cadb,1
938,5a917689b260876d140a0839,1
939,5a911a52d5cca425bbd5a07a,0
940,5a9189699cc8e21a403c7c4f,1
941,5a9178cc9cc8e21a403985f8,1
942,5a9180a0c150023cc9f46c39,0
943,5a9182a1136e123cd5b706e9,1
944,5a911b46b58dbc3aaf33b2fd,0
945,5a916457c067323ccfd8f318,1
946,5a90ed98a4708771e63cf171,1
947,5a904042385c10287f13272e,0
948,5a9114378a70d339bad052af,0
949,5a913a394334b26d5aacc279,0
950,5a90e768be88aa70c9d1eae0,0
951,5a9163534f226b6d1a901695,1
952,5a90c443a4141e70cfcc6b3e,0
953,5a9101b922ec3671e069edbd,0
954,5a90c37b22ec3671e060187d,0
955,5a90daedc2b09b71b5887543,1
956,5a9173aec067323ccfdbadb9,0
957,5928a90f6e08b7110becfe29,1
958,5a90acf040c2ac296c9512fb,1
959,5a9148b2d7c0cc3dd5f2d92f,1
960,5a90cba35a89057bc5e46ec4,0
961,5a911b25d5cca425bbd5c899,0
962,5a91139083a4a424c7483dac,0
963,5a917b1e2dc81c3dbde7a485,0
964,5a90e05bc2b09b71b5895599,0
965,5a90697a24a8b77a46411a6e,0
966,5a914140eea2f86d208f3a14,0
967,5a90c891a4708771e636eec3,1
968,5a916eed0656621b212ffc16,1
969,5a90472a8915192965bed3a6,1
970,5a9181203da5b66d0e155a6e,1
971,5a916d87c067323ccfda7969,1
972,5a90fbf8c2b09b71b58d9065,0
973,5a90d7cdf44bbc7a5057b9a4,0
974,5a917a9a77a87a1b484974d9,1
975,5a90426b3ca8087961b43646,0
976,5a9106982c146c69e1852e66,0
977,5a916c8fc067323ccfda5314,0
978,59a9722ba6ead90eb7067e20,0
979,5a91750d9cc8e21a4038bc7f,0
980,5a912b009b3c6638b2c53553,0
981,5a9150620656621b212ae102,1
982,5a90f74e8567402cd0d52121,1
983,5a911ef7afcda669db0e5bde,1
984,5a912b0ebdde2a6c17dc848e,1
985,5a90458aa5d47c29ae203826,0
986,5a91214ddec1f525a32a8af5,1
987,5a90c87ba8c8c7286d9a14b4,0
988,5a9164fb77a87a1b484546db,0
989,5a917cb4c067323ccfdd6da2,1
990,5a91447d3da5b66d0e0b0686,0
991,5a9175a2ae748a6e0c0626a0,1
992,5a912144a15fb66b153ec5f9,1
993,5a9118cf2c146c69e1880006,0
994,5a91123c0ee0a224cdfa8eb0,1
995,5a9110c0a15fb66b153c50ee,0
996,5a90e6cd8915192965ca217f,1
997,5a917206e7a6d81a34182369,1
998,5a912f88c6b05409289ffe11,1
999,5a90eae302e3ad70dbbe8b88,0
1000,5a9134eb4b685d3a192a8c81,1
1001,5a90401aa904c57a69607ca9,1
1002,5a91316dbc24906d0da14047,1
1003,5a9123f6ea93e90916f852ad,0
1004,5a9160d7edce3c1a469fbb5f,1
1005,5a911b7e944c583abbd603af,1
1006,5a91160d6d3f0d39c6c82ab5,0
1007,5a917803ae748a6e0c069f2c,1
1008,5a910f19b58dbc3aaf31d361,0
1009,5a914557edce3c1a469bba07,1
1010,5a90d8a6de6406794f584445,1
1011,5a9148d4b260876d140213a9,1
1012,5a904faf78278b7a9ef8f41c,1
1013,598b2f5fa55d183f3a05efa2,0
1014,5a91444b0656621b2128f915,1
1015,5a916f9d90e4ad6e3f67918f,0
1016,5a916a4cc3e5ce1a3ae2b8a6,1
1017,5a916e81d2414d1b7ef0dd51,1
1018,5a901bb5a904c57a695a5e6c,0
1019,5a917fc2b644a36e35f05879,1
1020,5a91788f0656621b2131e588,0
1021,5a90fe1424a8b77a464e5ddd,1
1022,5a8fce68fa99c115fb514a6d,1
1023,5a913abe1a955b6b7a4090b5,0
1024,5a1a7b9d4b010524d4e50195,0
1025,5a90c601f3460a71bb714951,1
1026,5a90e90fa4708771e63c3930,0
1027,5a915a9251c8421b3db6996f,1
1028,5a912bb973701b6c112029aa,0
1029,5a913fc851c8421b3db251d1,1
1030,5a918b4b0656621b213536e1,1
1031,5a90f786a8c8c7286da16863,0
1032,5a910283b2f18f70d54857b4,0
1033,5a90c2c498071c2879a12c41,0
1034,5a9159c3c150023cc9ed74db,0
1035,5a90dae28915192965c839d8,0
1036,5a90618c78278b7a9ef9cf3b,0
1037,5a915830ae748a6e0c010e07,0
1038,5a9116e6bb8dde24d384ddf9,0
1039,5a908e06be88aa70c9c8c1cf,0
1040,5a916acfeea2f86d2095dd6f,1
1041,5a911e87afcda669db0e4662,1
1042,5a91267bef6f0a6cfae87fd3,1
1043,5a9064233ca8087961b665cb,0
1044,5a90fda9b2f18f70d547a31d,0
1045,5a9162dcba53633cc351d77e,0
1046,5a91020ba5d47c29ae3020e1,0
1047,5a90dfe2bb101279555edc74,0
1048,5a913cdb2dc81c3dbddd2051,1
1049,5a905fdfa4141e70cfc7bae7,1
1050,5a90def0a904c57a696bd787,0
1051,5a91462cb644a36e35e67a67,0
1052,5a829762b44bf82047875709,0
1053,5a9133db50cf3c39b1439c1a,1
1054,5a90984978278b7a9efaa91a,1
1055,5a9121228a70d339bad25251,0
1056,5a90c6c8385c10287f1a6efd,1
1057,5a916882e7a6d81a34166db0,1
1058,5a9182ea90e4ad6e3f6b4dc0,1
1059,5a912812b268dd0837275243,0
1060,5a91695c4f226b6d1a911651,1
1061,5a917fcc2dc81c3dbde88ab7,1
1062,5a9116a78a70d339bad0b594,0
1063,5a913952e0acc11157a0f288,0
1064,5a9159f20656621b212c52da,1
1065,5a916ee7b644a36e35ed0e17,1
1066,5a90e49af3460a71bb760635,0
1067,5a9126cdc4d0110831fa5660,0
1068,5a9110d5bf2daa69d5a1d11a,1
1069,5a912e561c41d839bd597081,0
1070,5a917ad8136e123cd5b59387,1
1071,5a914ec4d2414d1b7eebce87,0
1072,5a905811a904c57a696281f9,0
1073,5a91313bc4d0110831fbf2a6,0
1074,5a907d3cf3460a71bb6cddf0,0
1075,5a913ca830ed121251907117,1
1076,5a90f752f3460a71bb79097a,1
1077,5a91502dedce3c1a469d3f53,1
1078,5a9156169cc8e21a4033299f,0
1079,5a914b23b873b36e1500872e,1
1080,5a90aba6a8c8c7286d96c60a,0
1081,5a915aa8c150023cc9ed9811,1
1082,5a9129af50cf3c39b141e115,1
1083,5a912d86690c6d0910fcabac,0
1084,5a91158c0ee0a224cdfb0728,1
1085,5a915639e7a6d81a34137e13,0
1086,5a91004f98071c2879aacf51,0
1087,5a91500e77a87a1b4841ea9b,1
1088,5a90e1085483fa2873cb7c47,1
1089,5a915ade0656621b212c7675,0
1090,5a90621122ec3671e05ba7a4,1
1091,5a9123ca7c58943a01e5d8cf,0
1092,5a9131a150cf3c39b14338d2,0
1093,5a6b111ef2fcb754091b61e7,1
1094,5a918021c067323ccfde14a1,0
1095,5a90f4ba9d051b795b189866,1
1096,5a913bd62fb586116387f3ef,1
1097,5a912d51ef6f0a6cfae9a9f1,0
1098,5a915131911b813db7f62485,0
1099,5a916ce4ba53633cc3538968,1
1100,5a915f3f2dc81c3dbde273ab,1
1101,5a904a5978278b7a9ef8911e,0
1102,5a91062c83a4a424c7463220,1
1103,5a915ac0b873b36e1502e8d5,1
1104,5a91418ad2414d1b7ee9caff,0
1105,5a90e040bb101279555eed16,1
1106,5a9156bdb644a36e35e91971,1
1107,5a915bbf136e123cd5b00a63,1
1108,5a90f275385c10287f215658,1
1109,5a913a05aea47c123f5dc4c2,1
1110,5a913f75d2414d1b7ee97c37,0
1111,5a9147ead7c0cc3dd5f2c2c8,1
1112,5a914685c150023cc9ea7389,1
1113,5a913942109d4141dd40810a,1
1114,5a90c81bf3460a71bb719682,1
1115,5a90574722ec3671e05b4332,1
1116,5a9168f913d96d3dcb2905f6,0
1117,5a911f52afcda669db0e6ae8,0
1118,5a912ae99b3c6638b2c5346f,0
1119,5a918275b260876d140c2baa,1
1120,5a916a574f226b6d1a9138c8,0
1121,5a905973a5d47c29ae21a9e6,1
1122,5a90fe6ca4141e70cfd58a49,1
1123,5a90ade0f3460a71bb6e5f8b,0
1124,5a910ab86e709f3ab5f7620a,1
1125,5a9159e39cc8e21a4033ca71,0
1126,5a9119626d3f0d39c6c8aea3,1
1127,5a91565dedce3c1a469e2ec5,1
1128,5a917106e7a6d81a3417f014,0
1129,5a9053ec385c10287f14d892,0
1130,5a90fe7c22ec3671e0697056,0
1131,5a916880136e123cd5b21685,0
1132,5a911b97944c583abbd60686,0
1133,5a91714bae748a6e0c054d65,1
1134,5a913ace0188ca43247ab4f6,0
1135,5a90db42bb101279555e0f0b,1
1136,5a910e182c146c69e186548f,0
1137,5a90c87ba8c8c7286d9a14b4,0
1138,5a904a37385c10287f1432b1,0
1139,5a905374a8c8c7286d946ff4,1
1140,5a918150136e123cd5b6c49b,1
1141,5a90f5aca5d47c29ae2e4122,1
1142,5a917623e7a6d81a3418f89c,0
1143,5a91030b5483fa2873d0da5d,1
1144,5a915d04edce3c1a469f36e1,0
1145,5a911d0910b97f25cb77833e,1
1146,5a912fc654cefb38bec57c73,0
1147,5a9158daba53633cc3502718,0
1148,5a90ed47a4141e70cfd2f12b,0
1149,5a915a143da5b66d0e0e4bbc,0
1150,5a905cc25483fa2873c1dcc9,1
1151,5a90d60e8915192965c76e90,1
1152,5a90d6ebbe88aa70c9cf73e1,1
1153,5982197044cd4e76bdb91dd8,1
1154,5a9171bcb873b36e1507157f,1
1155,5a9158c7e7a6d81a3413e846,1
1156,5a905200de6406794f4fec10,0
1157,5a91276eea93e90916f8d868,1
1158,5a91589db873b36e15029519,0
1159,5a9175e40656621b2131671b,0
1160,5a91248ed587696d2f51146d,0
1161,5a911cc96e709f3ab5fa33e5,1
1162,5a90cee778278b7a9e000dac,0
1163,5a91222f73701b6c111ea481,1
1164,5a915ab6ba53633cc3506d88,1
1165,5a916f0b3da5b66d0e11ce57,0
1166,5a912fecc4d0110831fbba5f,0
1167,5a903dedbb101279555342d1,0
1168,5a4ca14dae912361a337e8eb,1
1169,5a913a031a955b6b7a40724a,1
1170,5a91331c50cf3c39b14379aa,1
1171,5a9128f29b3c6638b2c4eb6d,1
1172,5a9080bdccff242978064786,0
1173,5a90d495a904c57a696a370c,1
1174,5a9125da7b9bc66c1d5efbce,1
1175,5a916fd951c8421b3dba4114,0
1176,5a915b150656621b212c7f39,0
1177,5a90c1ceb2f18f70d53e7bdc,0
1178,5a90eff202e3ad70dbbf4511,1
1179,5a90d786f3460a71bb73fbda,0
1180,5a91098f03e2e939b4785228,0
1181,5a90d2f6b2f18f70d5411716,1
1182,5a9139971a955b6b7a406528,1
1183,5a917cbbba53633cc3566e37,1
1184,5a913ef4edce3c1a469ab307,1
1185,5a913c49a3214211513d8f53,0
1186,5a9054c4f3460a71bb6bc2c9,0
1187,5a9043f1a8c8c7286d931945,0
1188,5a918931136e123cd5b822f5,0
1189,5a91602a90e4ad6e3f64d94f,1
1190,5a904727bb10127955545a6b,0
1191,5a91663613d96d3dcb28926d,1
1192,5a9122abeef847082ae2d09b,1
1193,5a915c47eea2f86d20937f1e,0
1194,5a9153b7c067323ccfd65cb7,1
1195,5a918937ae748a6e0c09b511,1
1196,594892d683cfaf038467abc7,1
1197,5a9128c7c6b05409289ee97e,0
1198,5a916c39136e123cd5b2bd4c,0
1199,5a9177f690e4ad6e3f692e57,0
1200,5a911a866d3f0d39c6c8d771,1
1201,5a916bb24f226b6d1a9180a2,0
1202,5a90471d22ec3671e05a2f02,1
1203,5a9170f12dc81c3dbde58dfc,1
1204,5a90e3545483fa2873cbd7ae,1
1205,5a9163bc77a87a1b48451428,1
1206,5a90fa2da4141e70cfd4e0c3,1
1207,5a90a01ca5d47c29ae231072,1
1208,5a7307d527fab80ee6289629,1
1209,5a910cf4dec1f525a3275b52,0
1210,5a9170df2dc81c3dbde58a2f,1
1211,5a91057a83a4a424c74617a8,0
1212,5a90dcac8915192965c87d32,0
1213,5a915649b644a36e35e90b94,0
1214,5a90e061b2f18f70d5431df9,0
1215,5a90cce702e3ad70dbb9b139,0
1216,5a9171f5911b813db7fb850d,1
1217,5a91302b9f58f00824fc8f25,1
1218,592234fd32599029e4f4e479,1
1219,5a905809a904c57a696281de,1
1220,5a914680b873b36e15ffd720,0
1221,5a9147f54f226b6d1a8bc05a,0
1222,5a9134804b685d3a192a7c67,1
1223,5a9132d7ef6f0a6cfaea8a56,0
1224,5a91828a3da5b66d0e159a35,1
1225,5a9163060656621b212dcb9e,1
1226,5a9115d503e2e939b47a27a7,1
1227,5a917a6ce7a6d81a3419d05d,1
1228,5a917b9ad7c0cc3dd5fbb3c3,1
1229,5a91724851c8421b3dbaa641,1
1230,5a90eb82c2b09b71b58b0e23,1
1231,5a907a788915192965c0dbfb,0
1232,5a9117328604a524c12b2b76,1
1233,5a910c6c6d3f0d39c6c6c90c,0
1234,5a91624beea2f86d2094761a,1
1235,5a90fac0a4141e70cfd4f5fe,0
1236,5a9079c740c2ac296c93b677,1
1237,5a9171abb260876d140911df,0
1238,5a9143f5d7c0cc3dd5f23551,0
1239,5a91563d4f226b6d1a8de839,0
1240,5a91789d77a87a1b48490e6b,1
1241,5a913bac30ed121251904193,1
1242,5a912f2d73701b6c1120b413,1
1243,5a904a73a4141e70cfc683dc,0
1244,5a9183cbedce3c1a46a62478,1
1245,5a90ef6924a8b77a464c3f60,1
1246,5a90da615483fa2873ca6a82,1
1247,5a916536e7a6d81a3415dee7,1
1248,5a2a9b7d0abf3c75a3b84a93,0
1249,5a916b53e7a6d81a3416e5ff,1
1250,5a90c16c385c10287f19b562,1
1251,5a90e141a5d47c29ae2b08c5,0
1252,5a907a5c385c10287f15dcf4,1
1253,5a9123ceb268dd083726a191,0
1254,5a9120396e709f3ab5fab49c,0
1255,5a914c8d2dc81c3dbddf8999,0
1256,5a914571d2414d1b7eea6454,0
1257,5a912954ef6f0a6cfae8f8c4,1
1258,5a912ab954cefb38bec4c406,0
1259,5a913bf50ec4576cb1af21c1,1
1260,5a916f7851c8421b3dba2d29,0
1261,5a9108322c146c69e1856a25,0
1262,5a913ff14f226b6d1a8a8b93,0
1263,5a90c87ba8c8c7286d9a14b4,0
1264,5a9160a5ba53633cc3517de3,0
1265,5a1b3a1b2af2df3cef3d787b,1
1266,5a9174b7e7a6d81a3418ac2c,1
1267,5a90cf8098071c2879a32a4f,1
1268,5a918682911b813db7ff7bf5,0
1269,5a916f1c90e4ad6e3f677676,0
1270,5a911e9a0ee0a224cdfc6a42,1
1271,5a914cf9ba53633cc34e699c,0
1272,5a9157f1d2414d1b7eed2caa,0
1273,5a91552bb873b36e15020948,0
1274,5a916891c067323ccfd9a531,0
1275,5a916150d2414d1b7eeea9aa,1
1276,5a904e80a5d47c29ae20fc3b,0
1277,5a912ac973701b6c11200100,1
1278,5a917a05d7c0cc3dd5fb5be6,1
1279,5a918485911b813db7ff1dc7,1
1280,5a916da2eea2f86d20965e6e,1
1281,5a90d9d4c2b09b71b58841d6,0
1282,5a9183a33da5b66d0e15d15c,0
1283,5a910418bb10127955645bfa,0
1284,5a9188ca3da5b66d0e169e27,0
1285,5a9177cdb873b36e15084a66,0
1286,5a914aee90e4ad6e3f617dde,1
1287,5a9119486d3f0d39c6c8a9b4,1
1288,5a9172f4911b813db7fbb437,1
1289,5a90bd038915192965c3b8d8,1
1290,5a9115e47d76846ad4b59b84,1
1291,5a90a79dccff24297807430d,0
1292,5a915a3313d96d3dcb2695d3,1
1293,5a912834c4d0110831fa8967,0
1294,5a904d6bbe88aa70c9c71455,0
1295,5a73e3c543089d1e0420211c,1
1296,5a91312150cf3c39b1432461,1
1297,5a917a4ec150023cc9f352d2,1
1298,5a9177a3136e123cd5b4f307,1
1299,5a917febb873b36e1509dfae,1
1300,5a9162cbe7a6d81a34156c3e,0
1301,5a917ad5b644a36e35ef6bc5,1
1302,5a912a1a85812d092ec08275,0
1303,5a915e09136e123cd5b06131,0
1304,5a917a54b260876d140abbcd,1
1305,5a9167c5c150023cc9efc8c3,1
1306,5a914442d7c0cc3dd5f24156,1
1307,5a914e0051c8421b3db494cd,1
1308,5a90ffc622ec3671e069a9f0,0
1309,5a916aeeedce3c1a46a16b38,1
1310,5a757d26a118155cc25deae6,0
1311,5a903b9ec2b09b71b57d3ac4,0
1312,5a9154c94f226b6d1a8da7c9,0
1313,5a90dac72802cd7bcbb70a4a,0
1314,5a90d40fa8c8c7286d9bed60,1
1315,5a91575c4f226b6d1a8e13e5,0
1316,5a90d62bf3460a71bb73cb3c,0
1317,5a9042b598071c28799aa8f2,0
1318,5a911ba48604a524c12bd29a,1
1319,5a9118c983a4a424c74900b9,0
1320,5a90c7fc78278b7a9efef8d8,0
1321,5a91650bd2414d1b7eef4a0b,0
1322,5a913c9b3a876f42fa4181da,1
1323,5a91889e4f226b6d1a96ce07,0
1324,5a903e8c8915192965bdd25a,0
1325,5a917cff51c8421b3dbcd0ee,1
1326,5a916585c3e5ce1a3ae1f694,0
1327,5a916b32c150023cc9f0527a,1
1328,5a9118d3bb8dde24d3851ee4,1
1329,5a910ce00ee0a224cdf9c56a,0
1330,5a912e7aeef847082ae4ab1c,0
1331,5a90b1acf3460a71bb6ec083,0
1332,5a9171fbb873b36e15071e89,1
1333,5a90ce09be88aa70c9cdfdf5,0
1334,5a904181a8c8c7286d92bf60,0
1335,5a912d4a8a4dcc6cf45e09c2,0
1336,5a917de7b260876d140b68b6,0
1337,5a917361edce3c1a46a306d9,1
1338,5a91369b9b3c6638b2c71037,0
1339,5a916946ae748a6e0c03d0ef,1
1340,5a90d55e22ec3671e062ef75,1
1341,5a910cf4dec1f525a3275b52,0
1342,5a9188d5b260876d140d4fdb,1
1343,5a910e306d3f0d39c6c6ff77,0
1344,5a9126d185812d092ec00315,1
1345,5a90afdc02e3ad70dbb5e1c3,1
1346,5a912fbb7c58943a01e7dbd9,1
1347,5a917ba90656621b21328ed4,1
1348,5a9106562c146c69e185233f,1
1349,5a9128da1c41d839bd588fe2,1
1350,5a914f3151c8421b3db4c79f,0
1351,5a914983edce3c1a469c4cb0,0
1352,5a90e93ca4708771e63c4048,1
1353,5a90b4433ca8087961b8d2ce,0
1354,5a912abfb268dd083727cb55,0
1355,5a9118118a70d339bad0f10b,1
1356,5a915f0f4f226b6d1a8f4e31,0
1357,5a90836a78278b7a9efa6930,0
1358,5a914f430656621b212abc66,0
1359,5a9156a713d96d3dcb260aa2,0
1360,5a9162b3b644a36e35eadf0b,0
1361,5a90e7d424a8b77a464b25dc,0
1362,5a90dad9ccff2429780e1ff7,0
1363,5a910cb403e2e939b478c99f,0
1364,5a90ef08b2f18f70d5456da8,1
1365,5a914350e7a6d81a3410b062,1
1366,5a904ecb385c10287f1492ec,1
1367,5a9128f28a4dcc6cf45d4aac,0
1368,5a90f94ba8c8c7286da1b8c8,0
1369,5a9169eeedce3c1a46a13e7e,0
1370,5a91602eb260876d1405cdd3,0
1371,5a8e2590cfe491204ea3edaf,1
1372,5a912b7cfdc9f26c0b942d3f,0
1373,598870833370080236a04723,1
1374,5a90a9f95483fa2873c3bd31,1
1375,5a90eec678278b7a9e0513ec,1
1376,5a911e6cd5cca425bbd64cf1,0
1377,5a912d9950cf3c39b1428e9c,1
1378,5a90db225a89057bc5e47846,0
1379,5a914853c067323ccfd4a0f9,0
1380,5a90b436be88aa70c9ca8a78,1
1381,5a9052e9a5d47c29ae214c5b,0
1382,5a911bbe8a70d339bad17ce7,0
1383,5a91433e2dc81c3dbdde1aea,1
1384,5a911cb8bb8dde24d385b3b1,0
1385,5a914fd6136e123cd5ae32fe,0
1386,5a9143ea0656621b2128e884,0
1387,5a910e09d5cca425bbd3cf6a,1
1388,5a9143efd7c0cc3dd5f23425,1
1389,5a9101e38915192965ce36a8,1
1390,5a91373b85812d092ec29924,0
1391,5a91320a9f58f00824fcde89,0
1392,5a917712eea2f86d209858fa,1
1393,5a9139eb2fb586116387b4ae,0
1394,5a903d42bb10127955532905,1
1395,5a913c8a1f37a141e9d2653e,0
1396,5a91552d77a87a1b4842b9a3,1
1397,5a91206adec1f525a32a5f4f,1
1398,5a91709ed2414d1b7ef13749,0
1399,5a917d54b260876d140b4fe4,1
1400,5a911542d694b46ace02f167,1
1401,59379025c983ca3ff282ba7e,1
1402,5a910b8cafcda669db0b313c,0
1403,5a916d612dc81c3dbde4f3b4,0
1404,5a916ff6d2414d1b7ef11ee4,0
1405,5a905165f44bbc7a504f7d57,0
1406,5a91683bc150023cc9efd94b,0
1407,5a910fbad6ad8739c07c605f,1
1408,5a916f1c90e4ad6e3f677676,0
1409,5a9141ddc150023cc9e9b1d5,0
1410,5a90bd08f3460a71bb70061c,1
1411,5a90fed58915192965cdbf8e,0
1412,5a917625c3e5ce1a3ae50755,1
1413,5a9164d4e7a6d81a3415c688,1
1414,5a911821d694b46ace036b85,1
1415,5a911e8cd5cca425bbd6517a,0
1416,59e76c0c8d2dc7258d2447a5,1
1417,5a914f3ac150023cc9ebc7a9,1
1418,5a91881d4f226b6d1a96b94a,0
1419,5a90b9aabe88aa70c9cb0e80,1
1420,5a90f4b2c2b09b71b58c7ea7,0
1421,5a915c0f51c8421b3db6d2da,0
1422,5a91336dd587696d2f5378c6,0
1423,5a90e41cde6406794f5a17e8,1
1424,5a90b99bde6406794f53b2a5,1
1425,5a1b71e0e7a2f1244383feb2,1
1426,5a9142c5c067323ccfd3be5b,0
1427,5a9174552dc81c3dbde635d7,1
1428,5a90c290f3460a71bb70d1b1,0
1429,5a913947f3547e42f4dfa4e0,0
1430,5a913d244f226b6d1a8a283b,1
1431,5a912d9354cefb38bec52caa,1
1432,5a915cfd13d96d3dcb26fbb3,0
1433,5a916fc8d7c0cc3dd5f943d8,1
1434,5a912f47fdc9f26c0b94cc7d,0
1435,5a911b146575eb6ac8f66810,0
1436,5a91312150cf3c39b1432461,1
1437,5a91783d911b813db7fccc48,1
1438,5a9157acd2414d1b7eed2265,1
1439,5a904f29ccff24297804e950,0
1440,5a912926fdc9f26c0b93c4f7,0
1441,5a90fc4ea8c8c7286da23403,1
1442,5a90cb98f44bbc7a5055cfa2,1
1443,5a904b13a8c8c7286d93d2f7,1
1444,5a91070ebb8dde24d3827c30,0
1445,598ee15e1c4d60700b9edd85,0
1446,5a916097ae748a6e0c0276e9,0
1447,5a90ccbeb2f18f70d540219e,0
1448,5a90e24140c2ac296c9c6f54,1
1449,5a916a21c067323ccfd9eb0b,0
1450,5a915f7513d96d3dcb275f78,0
1451,5a905e5abb1012795555c4c4,0
1452,5a90cb0ca8c8c7286d9a7ba5,1
1453,5a915980c3e5ce1a3adff2b8,1
1454,5a913826bdde2a6c17de980c,0
1455,5a90fefd3ca8087961c42a48,1
1456,5a90e2dbbb101279555f6529,1
1457,5a9147a9136e123cd5ad0035,1
1458,5a9107d6944c583abbd30623,0
1459,5a90ff33be88aa70c9d5a78c,0
1460,5a91607e90e4ad6e3f64e7aa,0
1461,5a91788d51c8421b3dbbe3e3,0
1462,5a90bfe202e3ad70dbb7b167,0
1463,5a9126697b9bc66c1d5f0df3,1
1464,5a9149beb260876d140239cf,1
1465,5a915564136e123cd5af0b92,1
1466,5a915894b873b36e150294c1,0
1467,5a90f02bccff24297811622a,0
1468,5a90bebef3460a71bb704bf5,0
1469,5a913dd8d2414d1b7ee93ce1,1
1470,5a90c9a378278b7a9eff394c,0
1471,5a90c4ad9d051b795b10e59a,0
1472,5a561d383f091172cd02667f,0
1473,5a90cb79de6406794f56346a,1
1474,5a9178c751c8421b3dbbefaf,1
1475,5a904289a4708771e62f8d3c,0
1476,5a91180084a57225a95552b2,0
1477,5a90f7048567402cd0d5202e,0
1478,5a918554c150023cc9f53b58,1
1479,5a913f53b873b36e15feba56,1
1480,5a9178fb4f226b6d1a94172e,1
1481,591f22750694df2b0f560842,1
1482,5a90dd28a5d47c29ae2a671f,0
1483,5a911435a15fb66b153cce44,0
1484,5a911435a15fb66b153cce44,0
1485,5a915306136e123cd5aeb38c,0
1486,5a9133d57b9bc66c1d6133c0,0
1487,5a915976d2414d1b7eed6ab5,0
1488,5a9125f185812d092ebfdfbf,1
1489,5a91669eb644a36e35eb839a,1
1490,5a9102f078278b7a9e08460a,0
1491,5a91562dc067323ccfd6bf9d,1
1492,5a9130289b3c6638b2c61371,0
1493,5a90f86278278b7a9e0698e3,0
1494,5a918271eea2f86d209a9882,1
1495,5a90ea38385c10287f201383,1
1496,5a917a2ee7a6d81a3419c556,0
1497,5a9183f6b644a36e35f1183c,0
1498,5a907d51385c10287f15e467,0
1499,5a90677af44bbc7a50504fd0,0
1500,5a914f8a2dc81c3dbddff63c,0
1501,5a912ddaeef847082ae48e90,1
1502,5a903ce422ec3671e058e5e0,0
1503,5a90dbcea4141e70cfd0246e,1
1504,5a9142fbc067323ccfd3c5c7,0
1505,5a90f6b9be88aa70c9d45e6b,1
1506,5a9163e9c150023cc9ef2234,0
1507,5a9139225e857a124bc95cd3,0
1508,5a90bc6b98071c2879a053fe,0
1509,5a9163f313d96d3dcb2827ad,0
1510,5a9180f0d2414d1b7ef4850e,0
1511,5a91501613d96d3dcb2501dc,0
1512,5a911967b58dbc3aaf3366e9,0
1513,5a918492ae748a6e0c08fde3,0
1514,5a918baec3e5ce1a3ae8f9fa,1
1515,5a903c4aa8c8c7286d92044c,0
1516,5a913281c6b0540928a07e27,0
1517,5a916747ae748a6e0c038289,0
1518,5a9169dfba53633cc3530052,0
1519,5a91657a911b813db7f95daf,0
1520,5a914a73e7a6d81a3411bb77,1
1521,5a911a7010b97f25cb772269,0
1522,5a915d50c3e5ce1a3ae08ec6,0
1523,5a918510b644a36e35f1477d,1
1524,59f3ee2b6ffa434407d6c351,1
1525,5a90c0d6a5d47c29ae25f86a,1
1526,5a917ea8136e123cd5b64d73,1
1527,5a917f97e7a6d81a341abfd2,0
1528,5a915a5b911b813db7f795e5,0
1529,5a90c87ba8c8c7286d9a14b4,0
1530,5a90bdd0ccff2429780989b0,0
1531,5a90e057a5d47c29ae2ae5cb,1
1532,5a90dd855483fa2873cae308,1
1533,5a90d8ed9d051b795b141e19,1
1534,58cd198a707d8633e80a9a40,0
1535,5a90d1147cf1ea7c45b82fbe,0
1536,5a9158a4edce3c1a469e8d84,0
1537,5a90b1e29d051b795b0ec3fe,0
1538,5a9112e9bb8dde24d384508d,0
1539,5a90f61da904c57a696f467d,0
1540,5a91121bd6ad8739c07cbc1b,1
1541,5a90393a78278b7a9ef695bc,0
1542,5a9049cdf3460a71bb6ae33b,1
1543,5a918252d2414d1b7ef4c6df,0
1544,5a910b89d6ad8739c07baa79,1
1545,5a913209d587696d2f533613,1
1546,5a90966702e3ad70dbb47ca8,1
1547,5a91282eeef847082ae3b07b,1
1548,5a915d44edce3c1a469f3fc6,1
1549,5a903e41385c10287f12e3b3,1
1550,5a6046835c33710ca845ed11,0
1551,5a91378373701b6c11220a50,1
1552,5a9123d6eef847082ae2f7c6,0
1553,5a912491bdde2a6c17db73fd,0
1554,5a904200a8c8c7286d92d59c,1
1555,5a917a289cc8e21a4039c680,1
1556,5a9161e1b260876d14061b7d,0
1557,5a915a49b260876d1404d8d0,1
1558,5a910f45bf2daa69d5a193ea,0
1559,5a90c4b8385c10287f1a23e2,0
1560,5a90d323a904c57a696a0504,0
1561,5a9170b2136e123cd5b38ca1,1
1562,5a91826eae748a6e0c08a19f,0
1563,5a917b7ed2414d1b7ef36796,1
1564,5a9116668a70d339bad0ac75,0
1565,5a90f210a4141e70cfd3a063,0
1566,5a90baf3a4141e70cfcb1849,1
1567,5a90fe04a5d47c29ae2f8fe9,1
1568,5a9178eaeea2f86d2098b6f1,1
1569,5a90a7999d051b795b0dedec,1
1570,5a913931aea47c123f5da5fb,0
1571,5a91723bedce3c1a46a2c492,0
1572,5a910c326e709f3ab5f79893,1
1573,5a9175cd136e123cd5b49d3e,1
1574,5a90b2edde6406794f530a32,1
1575,5a91692ce7a6d81a34168778,1
1576,5a911723afcda669db0d0fdf,1
1577,5a911a4e944c583abbd5d0c3,1
1578,5a90c400ccff2429780a5f12,1
1579,5a90c454de6406794f5510fb,1
1580,5a91798f911b813db7fd1a29,1
1581,5a916fdab260876d1408b60c,0
1582,5a91674890e4ad6e3f661525,1
1583,5a917f5a13d96d3dcb2d42c3,0
1584,5a9169d90656621b212f0ad8,1
1585,5a906104f44bbc7a50502b9e,1
1586,5a911511bb8dde24d3849702,1
1587,5a913f8fb873b36e15fec39a,1
1588,594892d683cfaf038467abc7,1
1589,5a90cdc88915192965c6249e,1
1590,5a90ebec24a8b77a464bc520,0
1591,5a914b7bedce3c1a469c9f19,0
1592,5a913424ef6f0a6cfaeab20f,1
1593,5a911ec4bb8dde24d38609f4,0
1594,5a91437dae748a6e0cfdf512,1
1595,5a9111717d76846ad4b4ed24,0
1596,5a90cbcb40c2ac296c98d686,0
1597,5a918af990e4ad6e3f6c933d,1
1598,5a90dab4bb101279555dfc6e,1
1599,5a90c4fca904c57a69679dba,0
1600,5a912aba9f58f00824fba3ca,0
1601,5a917550b260876d1409c45c,0
1602,5a912c034b685d3a19291b0f,0
1603,5a9162a5ba53633cc351cf09,0
1604,5a9159669cc8e21a4033b55c,0
1605,5a910caed5cca425bbd39519,0
1606,5a911aeb10b97f25cb7736c4,1
1607,5a91201d8604a524c12c91ed,1
1608,5a9172faedce3c1a46a2f14f,1
1609,5a906dfb3ca8087961b6a5d9,0
1610,5a91436390e4ad6e3f6066a6,1
1611,5a90f3538915192965cc0cef,1
1612,5a91542213d96d3dcb25a291,1
1613,5a91728fc150023cc9f1b0f6,0
1614,5a9160afe7a6d81a34152239,0
1615,5a918912d7c0cc3dd5fdfd08,0
1616,5a913f40d7c0cc3dd5f17d10,0
1617,5a9159aceea2f86d20931fbc,0
1618,5a903dcb78278b7a9ef73790,1
1619,5a910309a5d47c29ae30418e,0
1620,5a9178fb4f226b6d1a94172e,1
1621,5a911c556d3f0d39c6c92587,1
1622,5a9188dcc3e5ce1a3ae8923e,0
1623,5a911e4083a4a424c749d947,0
1624,5a90d372f3460a71bb73622d,0
1625,5a90d39ab2f18f70d5413703,0
1626,5a90bf955483fa2873c620e1,1
1627,5a911e21a15fb66b153e491d,0
1628,5a910f02bf2daa69d5a189bd,1
1629,5a9178a13da5b66d0e13c578,0
1630,5a916ab4e7a6d81a3416c77e,0
1631,5a90f140b2f18f70d545b3ff,0
1632,5a90f501a4708771e63e2a12,1
1633,594f553733d3fc3b440d42b6,1
1634,5a9048a9a904c57a696172f9,1
1635,5a90ae9598071c28799ecbac,0
1636,5a91025802e3ad70dbc2184b,1
1637,5a916c4aba53633cc3536b0d,1
1638,5a90eb2840c2ac296c9dd006,1
1639,5a90d64cbe88aa70c9cf574f,0
1640,5a917604edce3c1a46a38a1a,1
1641,5a90ef928915192965cb80ba,1
1642,5a914246d7c0cc3dd5f1f243,1
1643,5a915e593da5b66d0e0eed46,1
1644,5a9167593da5b66d0e107859,0
1645,5a912c1273701b6c11203461,0
1646,5a90ee2e98071c2879a81368,1
1647,5a914ffee7a6d81a34128f67,1
1648,5a916a3beea2f86d2095c9e0,1
1649,5a916e16ba53633cc353bdb7,1
1650,5932bd86b5e5c53d36706ddd,0
1651,5a90c87ba8c8c7286d9a14b4,0
1652,5a9162ff77a87a1b4844f408,0
1653,596ec552013c28575a9866bb,0
1654,5a8ecb6e3abc2a70dc856daf,1
1655,5a915641911b813db7f6f22f,1
1656,5a91161d10b97f25cb7669df,0
1657,5a9143fcb644a36e35e61aa4,0
1658,5a904d9f9d051b795b0b8b73,0
1659,5a90e440a904c57a696c96a3,0
1660,5a913734eef847082ae61aaa,0
1661,5a90459c5483fa2873c04db8,1
1662,5a90f4815483fa2873ce8961,0
1663,5a9142204f226b6d1a8ae779,0
1664,59e76c0c8d2dc7258d2447a5,1
1665,5a911c77dec1f525a329bbbb,1
1666,5a913d2c2dc81c3dbddd2b69,1
1667,5a912d2aeef847082ae47217,1
1668,5a911984bf2daa69d5a32f3a,1
1669,5a911fedd5cca425bbd67f3e,1
1670,5a913fe551c8421b3db25743,1
1671,5a913243eef847082ae5462e,0
1672,5a90a8fda5d47c29ae23866a,1
1673,5a9129f99b3c6638b2c50be0,0
1674,5a91160244558a3ac1bec096,0
1675,5a91850f0656621b2134418d,1
1676,5a30ac5ba71a3d10c24f0bf5,1
1677,5a917bc4ba53633cc3563ee6,1
1678,597da0e9e13bea4debfa01a6,0
1679,5a91026e78278b7a9e082cf6,0
1680,5a9168d4b873b36e15055a5c,0
1681,5a90e60ca5d47c29ae2bc8fe,1
1682,5a90fed48915192965cdbf8c,0
1683,5a910bfda15fb66b153b846a,1
1684,5a913dde2dc81c3dbddd42aa,1
1685,591022026f91db4872b7e5a8,1
1686,5a90ec6fbe88aa70c9d2b8a6,1
1687,5a90c9dd40c2ac296c989567,0
1688,5a916d8b0656621b212fbca5,1
1689,5a9132f77186c838c49f5662,0
1690,5a917d16d2414d1b7ef3c4c1,1
1691,5a905ba1a5d47c29ae21c050,0
1692,5a911e5a6575eb6ac8f6e297,0
1693,5a91267bef6f0a6cfae87fd3,1
1694,5a917f59c3e5ce1a3ae6db1b,0
1695,5a90fc9e22ec3671e0692b24,0
1696,5a90d9fb78278b7a9e01bf30,1
1697,5a90e90522ec3671e06627a0,1
1698,5a90e8d598071c2879a73da1,0
1699,5a915530d2414d1b7eecb2a0,1
1700,5a912e8e7b9bc66c1d6062ff,0
1701,5a9043a0be88aa70c9c62665,0
1702,5a90e0e6ccff2429780f1c5a,1
1703,5a9120d32c146c69e18951d1,1
1704,5a90980302e3ad70dbb48367,0
1705,5a91701290e4ad6e3f67a53a,1
1706,5a905303385c10287f14cd74,0
1707,5a911b9503e2e939b47b2139,1
1708,5a90c590b2f18f70d53f13f0,0
1709,5a9154f013d96d3dcb25c101,1
1710,5a917fc4b873b36e1509d712,1
1711,5a9069b598071c28799cef69,0
1712,5a90dd82385c10287f1e1ef0,0
1713,5a905d89be88aa70c9c7f9d0,0
1714,5a90c3eb24a8b77a464582a6,0
1715,5a910c88dec1f525a3274b59,1
1716,5a916585c3e5ce1a3ae1f694,0
1717,5a90e8a7de6406794f5ac08a,1
1718,5a911ee7d6ad8739c07ec5da,1
1719,5a910e22a9c75569e7ec7fdd,0
1720,5a8fef199ffaf66be12dcf8c,0
1721,5a917940e7a6d81a34199bf5,1
1722,5a91413277a87a1b483f9533,0
1723,5a91730c9cc8e21a40384b04,1
1724,5a913657b268dd083729a681,0
1725,5a9168d84f226b6d1a90ffb0,1
1726,5a91085103e2e939b4782014,1
1727,5a90dee79d051b795b151cfc,1
1728,5a913a7f3c321842eefff011,0
1729,5a90c4ccb2f18f70d53ef24f,0
1730,5a913a1c1f37a141e9d20168,0
1731,5a904bbe24a8b77a463fcfed,1
1732,5a9129af50cf3c39b141e115,1
1733,5a90cbca5483fa2873c80343,1
1734,5a918303eea2f86d209aa9e0,1
1735,5a90428c02e3ad70dbb1b0c8,0
1736,5a917d9f51c8421b3dbcedc4,1
1737,5a90bc3a24a8b77a46446489,1
1738,5a904e5b40c2ac296c925199,1
1739,5a914026eea2f86d208f1773,1
1740,5a911ec7d5cca425bbd656b1,1
1741,5a91615fd2414d1b7eeeabc0,0
1742,5a9124bb7b9bc66c1d5ecfb9,1
1743,5a9172a6b260876d14093bf5,0
1744,5a91036d385c10287f241c70,0
1745,5a90e7798915192965ca4019,1
1746,5a9161cf90e4ad6e3f652375,1
1747,5a9119da03e2e939b47ad397,0
1748,5a91738db873b36e15077032,0
1749,5a9119c00ee0a224cdfbab33,1
1750,5a914329b260876d140134f7,1
1751,5a910f71bb8dde24d383c3ba,1
1752,5a90f0a8a4708771e63d7040,0
1753,5a912126d5cca425bbd6ac23,1
1754,5a9153f5e7a6d81a34131de2,1
1755,5a9131ca9b3c6638b2c65066,1
1756,5a903b1cde6406794f4d8678,0
1757,5a9183d3c3e5ce1a3ae7b253,1
1758,5a90faa1a4141e70cfd4f2d5,1
1759,5a917a04c150023cc9f3402a,1
1760,5a90d133be88aa70c9ce774e,1
1761,5a914ccad7c0cc3dd5f38672,0
1762,5a90df4d22ec3671e0649201,0
1763,5a91883c3da5b66d0e168916,1
1764,5a90fbd9a8c8c7286da222c1,0
1765,5a90ed458915192965cb24b7,0
1766,5a913e9bd7c0cc3dd5f1664d,1
1767,5a915451c3e5ce1a3adf15c6,0
1768,5a914966d7c0cc3dd5f2f770,0
1769,5a916fff136e123cd5b36d14,0
1770,5a910b8cafcda669db0b313c,0
1771,5a91597cba53633cc3503f65,0
1772,5a90c87ba8c8c7286d9a14b4,0
1773,5a90aa0b24a8b77a46429f0f,1
1774,5a913e3c2dc81c3dbddd510f,0
1775,5a912e1554cefb38bec53fba,1
1776,5a90e4f722ec3671e06588a5,1
1777,5a91510a13d96d3dcb2524b4,0
1778,5a91787a13d96d3dcb2bef9a,1
1779,5a914fd33da5b66d0e0cb2cd,1
1780,5a918a9090e4ad6e3f6c83ad,1
1781,5a914e9b2dc81c3dbddfd2cb,1
1782,5a90bc2440c2ac296c969ef8,0
1783,5a91738213d96d3dcb2afc07,1
1784,5a90f4cf3ca8087961c2a9e9,0
1785,5a9182c7c067323ccfde8b70,0
1786,5a910054de6406794f5e72e7,1
1787,5a916f4290e4ad6e3f677db7,0
1788,5a91420c2dc81c3dbddde6c5,0
1789,5a90f6c4ccff24297812846a,0
1790,5a9102f58915192965ce6765,1
1791,5a916ce413d96d3dcb29b7bb,1
1792,5a91681e51c8421b3db8e3d0,0
1793,5a9159b6ba53633cc3504a83,1
1794,5a90a432a4708771e63301fc,1
1795,5a90d23b9d051b795b131602,1
1796,5a916fd44f226b6d1a9252d0,1
1797,5a90bd69b2f18f70d53de333,0
1798,5a913b3cec1b526b7478dccf,1
1799,5a90cfeab2f18f70d5409b90,1
1800,5a59dd207e363e1ff92c075d,1
1801,5a59dd207e363e1ff92c075d,1
1802,5a916819136e123cd5b20418,1
1803,5a90482b5483fa2873c08df4,1
1804,5a90cb0ba4141e70cfcd6f1f,0
1805,5a9159dbc150023cc9ed7975,0
1806,5a914b39b644a36e35e74f2c,1
1807,5a90948a22ec3671e05c5c2a,1
1808,5a90f41d580dcf2cd602b893,0
1809,5a90d40f22ec3671e062b914,1
1810,5a90d873a4141e70cfcf8e31,0
1811,5a917660c067323ccfdc3aed,1
1812,5a90ec5598071c2879a7cc5f,1
1813,5a916a51d2414d1b7ef0209a,0
1814,5a90b07122ec3671e05dd8d3,0
1815,59682c21a7a70b68ab32b65f,0
1816,5a90eb57ccff24297810b247,0
1817,5a90438ff3460a71bb6a3910,0
1818,5a915a4751c8421b3db68de4,0
1819,5a90c039a5d47c29ae25e3fc,0
1820,5a91650890e4ad6e3f65b80f,0
1821,5a91031640c2ac296ca191ab,0
1822,5a9127c6ef6f0a6cfae8ae5d,1
1823,5a90f3b3385c10287f218c51,1
1824,5a9185130656621b213441a2,1
1825,5a915596ae748a6e0c00a635,0
1826,5a914258b873b36e15ff30bb,0
1827,5a90d35840c2ac296c9a1f52,0
1828,5a90c97cb2f18f70d53fa9e8,0
1829,5a91379c1c41d839bd5afdc2,1
1830,5a9107798604a524c128cc29,1
1831,5a90c9b3385c10287f1adfd4,0
1832,5a90df3b78278b7a9e02a2fc,0
1833,5a910ca9944c583abbd3c8de,0
1834,5a904c1722ec3671e05a98c2,0
1835,5a9043a5385c10287f138b00,0
1836,5a90b913ccff24297808ee4f,1
1837,5a913269c6b0540928a07ace,0
1838,5a90ab2ebe88aa70c9c9bf46,1
1839,5a9108dd944c583abbd334e7,1
1840,5a914b25edce3c1a469c8a5c,0
1841,5a910dd6b58dbc3aaf31a21b,0
1842,5a912fbf8a4dcc6cf45e714c,0
1843,5a91625e77a87a1b4844e14b,1
1844,5a912c8aeef847082ae4581a,0
1845,5a9142abc067323ccfd3bad0,0
1846,5a917a1e2dc81c3dbde7637e,0
1847,5a9142879cc8e21a40300513,1
1848,5a915dbc3da5b66d0e0ed482,0
1849,59e8651fb01a5f38b6fa7ccc,1
1850,5a915b2d51c8421b3db6b0ea,1
1851,5a912934690c6d0910fc0c44,0
1852,5a917657b260876d1409fb0d,1
1853,5a91276d4b685d3a19285d24,1
1854,5a911c43d694b46ace041899,0
1855,5a913cbb7d4c7c41e3d18404,0
1856,5a9116ccd6ad8739c07d7e23,1
1857,5a90f221a4141e70cfd3a3ff,0
1858,5a9175cdba53633cc3552335,0
1859,5a90f469580dcf2cd602b89f,1
1860,5a90e7763ca8087961c08b1c,0
1861,5a90e2c4c2b09b71b589bfb8,0
1862,5a90e796a8c8c7286d9efab3,0
1863,5a913fbfae748a6e0cfd6e53,1
1864,5a91768b90e4ad6e3f68dda5,0
1865,5a9113fc83a4a424c7485116,0
1866,5a91801f136e123cd5b68e6c,0
1867,5a918a06b644a36e35f2199b,1
1868,5a917eef4f226b6d1a9542e5,0
1869,5a91393caea47c123f5da744,0
1870,5a910fc16d3f0d39c6c739f1,0
1871,5a910a7683a4a424c746d634,0
1872,5a9184bdd2414d1b7ef539fb,0
1873,5a900e8cccff242978facd4c,0
1874,5a915f09c150023cc9ee4a38,1
1875,5a91524890e4ad6e3f62a558,1
1876,5a910136ccff2429781414a7,1
1877,5a9133158a4dcc6cf45ee9fb,0
1878,5a9142c9136e123cd5ac4a76,0
1879,5942644287742d63967eec3a,0
1880,5a917e0690e4ad6e3f6a67bb,1
1881,5a90f6738567402cd0d51d5d,1
1882,5a90dbea7cf1ea7c45b8320c,0
1883,5a90b304b2f18f70d53cbf7b,0
1884,5a911c6e944c583abbd62e1f,0
1885,5a90d1865483fa2873c8f592,0
1886,5a9186f2d7c0cc3dd5fdaa98,1
1887,5a90f464580dcf2cd602b898,0
1888,5a903b9fccff24297802ced0,0
1889,5a9187edae748a6e0c098096,0
1890,5a90b99bf44bbc7a505363d9,0
1891,5a9185a3b644a36e35f15d5a,0
1892,5a917b35edce3c1a46a4a346,1
1893,5a9160e3ba53633cc3518a14,0
1894,5a913d7b13d96d3dcb224d0b,1
1895,5a90c331f3460a71bb70e700,1
1896,5a90d5c3f44bbc7a50575911,1
1897,5a9122447b9bc66c1d5e760b,0
1898,5a90eb29be88aa70c9d283bb,0
1899,5a9143f913d96d3dcb233dbc,0
1900,5a91521c3da5b66d0e0d1249,0
1901,5a917a2d4f226b6d1a94574b,1
1902,5a914336ae748a6e0cfde8e8,1
1903,5a916465edce3c1a46a05692,0
1904,5a9165b3c3e5ce1a3ae1fc24,0
1905,5a914c80c3e5ce1a3adddcb1,0
1906,5a90ce45be88aa70c9ce06e7,1
1907,5a91243b73701b6c111ef7fb,1
1908,5a918964e7a6d81a341c70d4,1
1909,5a9168bc0656621b212ed7a1,1
1910,5a913e0e3da5b66d0e09fe34,0
1911,5a90f3cca904c57a696ee997,0
1912,5a917b0d4f226b6d1a9487a0,1
1913,5a916253b260876d1406363b,0
1914,5a9184b890e4ad6e3f6b9965,0
1915,5a916f97c150023cc9f12fda,1
1916,5a90f5043ca8087961c2b283,1
1917,58f603c4302e1945fe8d4f62,1
1918,5a91378ac6b0540928a137dc,0
1919,5a91770aedce3c1a46a3c160,1
1920,5a914dcb0656621b212a80ca,0
1921,5a913aeb4334b26d5aace47e,1
1922,5a904b30f3460a71bb6b0223,1
1923,5a90527ea8c8c7286d9463b5,0
1924,5a914170136e123cd5ac11dd,0
1925,5a91852b9cc8e21a403bc696,1
1926,5a9100c9a5d47c29ae2fe8c8,0
1927,5a916e34b873b36e150664bd,1
1928,5a916f1cedce3c1a46a2361f,1
1929,5a8bbafd768bf171280c7794,1
1930,5a91534cc150023cc9ec6e55,0
1931,5a91638913d96d3dcb280d95,1
1932,5a9163b8b644a36e35eb0c73,1
1933,5a90b41f9d051b795b0ef6b9,0
1934,5a90c31dbe88aa70c9cc4705,0
1935,5a90cc7d7cf1ea7c45b828bf,0
1936,5a917c9277a87a1b4849decc,1
1937,5a913ac4ec1b526b7478cc12,1
1938,5a9189d92dc81c3dbdea43f7,1
1939,5a911c5e0ee0a224cdfc0e95,0
1940,5a91161eb58dbc3aaf32e504,0
1941,5a914e7cc150023cc9ebaa9c,1
1942,5a904669385c10287f13d8b3,1
1943,5a912e7b7c58943a01e7a67d,1
1944,5a90d304c2b09b71b58725c9,1
1945,5a91856c911b813db7ff473a,1
1946,5a915fe6c3e5ce1a3ae0f7c6,0
1947,5a90c743a4708771e636be81,0
1948,5a9178e6c3e5ce1a3ae5a4e5,1
1949,5a91218e944c583abbd6ee0b,1
1950,5a910de1944c583abbd3f478,1
1951,5a912b634b685d3a19290c25,1
1952,5a03c2b4811c0d1701756ea8,0
1953,5a90f27e22ec3671e06790c2,0
1954,5a916639e7a6d81a34160e5a,1
1955,5a917dee13d96d3dcb2d01de,0
1956,5a90dc8cbb101279555e514e,0
1957,5a9126707b9bc66c1d5f0ead,0
1958,5a91288285812d092ec04142,0
1959,5a9129717b9bc66c1d5f90fc,0
1960,5a909518be88aa70c9c8d9ef,0
1961,5a91191184a57225a9557c91,1
1962,5a9168c7c150023cc9efec0a,1
1963,5a904381f44bbc7a504e4b51,1
1964,5a904eb3a4141e70cfc6db0d,1
1965,5a915ff73da5b66d0e0f31a5,1
1966,5a90ee15c2b09b71b58b6897,1
1967,5a9147a3136e123cd5acfe27,1
1968,5a914aa3edce3c1a469c727b,1
1969,5a910b6310b97f25cb74cb29,0
1970,5a903f0740c2ac296c90a201,0
1971,5a9187f1b260876d140d2956,0
1972,5a917461eea2f86d2097b6ca,1
1973,5a916cfdc150023cc9f0a950,1
1974,5a90ebc178278b7a9e049fb7,1
1975,5a917181c150023cc9f17a7e,1
1976,5a90e1395483fa2873cb845e,0
1977,5a8fc8e4bc25951515ee8717,0
1978,5a9112eeb58dbc3aaf327033,0
1979,5a903b4bbe88aa70c9c4fb0c,0
1980,5a915e9377a87a1b48442e97,1
1981,5a911d5dbb8dde24d385c8a9,0
1982,5a91077c84a57225a952dea4,0
1983,5a90c4ad9d051b795b10e59a,0
1984,5a90ebc33ca8087961c13ff5,0
1985,5a914d8e51c8421b3db47d3b,0
1986,5a9123ab7b9bc66c1d5ea899,1
1987,5a916bf451c8421b3db97a80,0
1988,5a9177623da5b66d0e138999,1
1989,5a910fbfafcda669db0be249,0
1990,5a2629affe68167df1f91994,0
1991,5a915fe0d2414d1b7eee72f1,1
1992,5a915db351c8421b3db712ce,1
1993,5a911dc4afcda669db0e27e3,1
1994,5a91727dc3e5ce1a3ae44507,1
1995,5a913e52b873b36e15fe9820,0
1996,5a914f8bb873b36e1501331b,1
1997,5a90f235a4141e70cfd3a995,0
1998,5a9103adbe88aa70c9d650f2,1
1999,5a917764911b813db7fc9c61,0
2000,5a903b0824a8b77a463dd364,0
2001,5a9127e8bc1b6838b84dcb07,1
2002,5a911a3c6575eb6ac8f645e6,1
2003,59254b696d4f883ef5f09dbf,0
2004,5a915a65ba53633cc3506479,1
2005,5a912e3bc4d0110831fb7ba5,0
2006,5a917bb40656621b213294ce,0
2007,5a904559ccff24297804151c,1
2008,5a914f2fc150023cc9ebc455,0
2009,5a912926eef847082ae3d47d,0
2010,5a917a41b260876d140abaab,0
2011,5a9109806e709f3ab5f72d89,0
2012,5a918694eea2f86d209b3fd5,1
2013,5a9126fabc1b6838b84da791,0
2014,5a90fbbc40c2ac296ca06437,0
2015,5a2feccf4e23191046a124cc,0
2016,5a914114d2414d1b7ee9babe,0
2017,5a90d6925a89057bc5e477b0,0
2018,5a90e0cd3ca8087961bf8b4b,0
2019,5a918310d2414d1b7ef4ed86,1
2020,5a915a06c150023cc9ed8079,0
2021,5a90de9640c2ac296c9be399,1
2022,5a90780cde6406794f51017e,0
2023,5a917b73136e123cd5b5b0bb,0
2024,5a913002690c6d0910fd0e05,1
2025,5a9107c6a15fb66b153ae224,1
2026,5a90be70a4141e70cfcb953e,0
2027,5a90d79dbe88aa70c9cf8c2c,1
2028,5a913d094f226b6d1a8a2496,1
2029,5a9124227186c838c49d0033,1
2030,5a914651b873b36e15ffcf0a,0
2031,5a90cb73b2f18f70d53fef3f,0
2032,5a917facb873b36e1509cf82,0
2033,5a903edea8c8c7286d926304,0
2034,5a9139aaf3547e42f4dfb759,1
2035,5a90f856a8c8c7286da18f5e,0
2036,5a9040f6be88aa70c9c5cbd1,0
2037,5a9159b1edce3c1a469eb81e,0
2038,5a918547ae748a6e0c091a57,1
2039,5a91341ab268dd0837295082,0
2040,5a9044c7b2f18f70d53863b8,0
2041,5a90da2624a8b77a46491dcd,1
2042,5a8e25ea509a485644019a62,1
2043,5a9112126575eb6ac8f4ee62,1
2044,5a9046ba9d051b795b0ae9e5,0
2045,5a9162ee13d96d3dcb27f228,0
2046,5a9143c977a87a1b48400022,1
2047,5a90feacde6406794f5e2e3d,0
2048,5a91837290e4ad6e3f6b66b8,1
2049,5a9186a62dc81c3dbde9c7bc,1
2050,5a918056b644a36e35f070a0,0
2051,5a90cb2d40c2ac296c98c211,1
2052,5a914cf1b873b36e1500cc96,0
2053,5a90587b5483fa2873c1ab3a,0
2054,5a917fd9c150023cc9f44945,0
2055,5a90ef8fccff242978114cdb,0
2056,5a90c704c73a493976fdf2dc,0
2057,5a911b556575eb6ac8f67261,0
2058,5a9167fd90e4ad6e3f66344f,1
2059,59a2bfe56e92804d50015f1d,1
2060,5a914908edce3c1a469c3556,1
2061,5a90dce3a904c57a696b8581,0
2062,5a915ae3edce3c1a469ee5b4,1
2063,5a916bd6c150023cc9f0713e,0
2064,5a90e749be88aa70c9d1e7c9,0
2065,5a91824c0656621b2133bdc6,0
2066,5a7d3d1f8ea0865a5b79d708,1
2067,5a914c54ae748a6e0cff3a60,1
2068,5a9073f9ccff242978062706,0
2069,5a9171cc0656621b21308778,1
2070,5a90e797a5d47c29ae2c03b4,0
2071,5a915890b873b36e150294bf,0
2072,5a917dcc51c8421b3dbcf566,1
2073,5a9100b7ccff24297813fda9,0
2074,5a90960e9d051b795b0d3bb7,1
2075,5a717e5c97d56d07c822142e,0
2076,5a90f7e5a904c57a696f8c8c,0
2077,5a9157bbc150023cc9ed2131,1
2078,5a917119136e123cd5b3a061,1
2079,5a90cb3122ec3671e0614b92,1
2080,5a91209cbf2daa69d5a45c2d,0
2081,5a9172d1d2414d1b7ef1a64d,1
2082,5a914265e7a6d81a34108beb,1
2083,5a90e861a5d47c29ae2c29e4,0
2084,5a91403aae748a6e0cfd82a9,1
2085,5a916606ba53633cc3526477,0
2086,5a905adc3ca8087961b60f3d,0
2087,5a903f70f44bbc7a504dcd2a,1
2088,5a911a5bd6ad8739c07e1453,1
2089,5a914a533da5b66d0e0be0ea,1
2090,5a9154c72dc81c3dbde0c31b,1
2091,59fbe406ba32a56b17907f82,0
2092,5a90d4f93ca8087961bd9e2e,0
2093,5a91639b3da5b66d0e0fc927,0
2094,5a9124a07c58943a01e5f8b8,0
2095,5a914c3751c8421b3db442ad,1
2096,5a91107fbf2daa69d5a1c720,1
2097,5a910206be88aa70c9d61009,1
2098,5a9131e8ef6f0a6cfaea6131,1
2099,5a911ad0bf2daa69d5a36140,0
2100,5a910361f44bbc7a505e6365,0
2101,5a911e24d5cca425bbd63e5d,0
2102,5a91629790e4ad6e3f65488b,0
2103,5a9149e8e7a6d81a3411a7a3,0
2104,5a904403c2b09b71b57e4ce0,0
2105,5a910c8a8a70d339bacf1e84,1
2106,5a913ce2ae748a6e0cfcfadc,0
2107,5a910c74bf2daa69d5a1257f,0
2108,5a90eaaade6406794f5b0e8a,0
2109,5a917bab0656621b2132909b,1
2110,5a91624cd2414d1b7eeed373,0
2111,5a90ca5d24a8b77a464682db,0
2112,5a91675cd2414d1b7eefaac4,0
2113,5a91894deea2f86d209baf4f,0
2114,5a91676f136e123cd5b1e687,1
2115,5a9187d0ae748a6e0c097fa4,1
2116,5a91027124a8b77a464ef799,0
2117,5a90cfc8f44bbc7a5056709e,1
2118,5a90d9eea8c8c7286d9cce19,1
2119,5a910315ccff242978145660,0
2120,5a916d9fb873b36e15064914,0
2121,5a90eb87ccff24297810b6f2,0
2122,5a91327bc6b0540928a07e11,0
2123,5a9166bfd7c0cc3dd5f7b1c3,1
2124,5a90acf040c2ac296c9512fb,1
2125,5a916f46e7a6d81a34179bcf,1
2126,5a91393caea47c123f5da744,0
2127,5a903ece98071c28799a2994,0
2128,5a9170ca911b813db7fb5129,1
2129,592583037a7d014059ee8fbf,1
2130,5a90cfb824a8b77a464757b8,0
2131,5a9150f4c3e5ce1a3adea09a,1
2132,5a91686177a87a1b4845ed91,0
2133,5a9170d5edce3c1a46a2865d,0
2134,5a911959b58dbc3aaf336320,0
2135,5a916b3b136e123cd5b292bf,0
2136,5a9139361a955b6b7a4056aa,1
2137,5a915462ba53633cc34f7a95,0
2138,5a913e6ac067323ccfd31ac1,0
2139,5a912b724b685d3a19290e4c,1
2140,5a911a5f03e2e939b47ae834,0
2141,5a91435577a87a1b483fe8b6,0
2142,5a914c83ae748a6e0cff4078,0
2143,5a916838d2414d1b7eefd121,1
2144,5a91732dc3e5ce1a3ae46b17,1
2145,5a903cd95483fa2873bf2369,0
2146,5a91375bfdc9f26c0b961e4d,1
2147,5a916a574f226b6d1a9138c8,0
2148,5a910c83d694b46ace019947,1
2149,5a9045473ca8087961b47d7c,0
2150,5a913ae8e7d2676b806b1080,0
2151,5a9150ce9cc8e21a40325341,0
2152,5a912e9d85812d092ec12ff9,1
2153,5a90f78dde6406794f5d1776,0
2154,5a910c28a15fb66b153b8948,0
2155,5a9121f5690c6d0910fadebe,0
2156,5a90424d5483fa2873bfdee0,1
2157,5a90db2a9d051b795b147dc9,0
2158,5a90c87ba8c8c7286d9a14b4,0
2159,5a90f03ede6406794f5be066,0
2160,5a916a0f911b813db7fa1c08,1
2161,5a903b1b02e3ad70dbb0b4c4,1
2162,5a9185bb4f226b6d1a965baf,1
2163,5a90bb8bc2b09b71b5837e9b,1
2164,5a904681f44bbc7a504e9410,0
2165,5a91731f3da5b66d0e129fe6,1
2166,5a90f6b640c2ac296c9f9533,1
2167,5a90e225385c10287f1ed9a5,1
2168,5a90ce92ccff2429780c0de6,0
2169,5a90d2315a89057bc5e476f1,0
2170,5a910ef410b97f25cb75540c,0
2171,5a912c71ef6f0a6cfae98391,1
2172,5a8fd4ab5a41433a84f01eb1,0
2173,5a9175232dc81c3dbde66197,1
2174,5a90db1824a8b77a464940d5,0
2175,5a91870cb644a36e35f19cde,1
2176,5a9148dc51c8421b3db3aedb,0
2177,5a90d42a5483fa2873c96722,0
2178,5a90e2a2ccff2429780f5eda,0
2179,5a90c75ea8c8c7286d99ea08,0
2180,5a9159b43da5b66d0e0e403c,1
2181,5a90f21498071c2879a89e61,0
2182,5a9129f5c4d0110831facfa1,1
2183,5a91086d0ee0a224cdf91477,0
2184,5a915391b260876d1403b76e,0
2185,5a9185ffae748a6e0c093358,1
2186,5a916c82b260876d14080cc2,1
2187,5a906afb8915192965c09db4,0
2188,5a912e6fd587696d2f52b19d,1
2189,5a91649f90e4ad6e3f65a3a4,1
2190,5a914d6ec3e5ce1a3ade0a5d,0
2191,5a8d01a57b7d206fd1d71fa3,0
2192,5a9129f7c6b05409289f17a0,0
2193,5a9115f37d76846ad4b59df6,0
2194,5a90b983a8c8c7286d98124f,0
2195,5a91650890e4ad6e3f65b80f,0
2196,5a9176ea51c8421b3dbb8b66,0
2197,5a91666790e4ad6e3f65ed2f,0
2198,5a915cb977a87a1b4843e4d1,1
2199,5a90dcd802e3ad70dbbc33ed,0
2200,5a905d093ca8087961b625b3,0
2201,5a91553cedce3c1a469df94d,0
2202,5a90ef4098071c2879a833ee,0
2203,5a90c33cf3460a71bb70e9f4,1
2204,5a914d6ec150023cc9eb7f90,0
2205,5a9130acc4d0110831fbd907,1
2206,5a911eb90ee0a224cdfc6f10,0
2207,5a917d0fb873b36e15095dae,1
2208,5a90a6125483fa2873c3805c,1
2209,5a916d4fd7c0cc3dd5f8d20c,1
2210,5a915b5cba53633cc3508f7d,0
2211,5a91487bae748a6e0cfea382,0
2212,5a9128c7c6b05409289ee97e,0
2213,5a90548da904c57a69625326,0
2214,5a918010d2414d1b7ef450a6,0
2215,5a916be3136e123cd5b2b00f,1
2216,5a911915944c583abbd5a742,1
2217,5a91716a2dc81c3dbde5a496,1
2218,5a9121d5ef6f0a6cfae7bfad,1
2219,5a911ba944558a3ac1bfa467,1
2220,5a90a7b2a5d47c29ae2373bd,1
2221,58d1d6d889b49144ee984b74,1
2222,5a91782d51c8421b3dbbd288,0
2223,5a911a316e709f3ab5f9cadb,1
2224,5a917689b260876d140a0839,1
2225,5a911a52d5cca425bbd5a07a,0
2226,5a9189699cc8e21a403c7c4f,1
2227,5a9178cc9cc8e21a403985f8,1
2228,5a9180a0c150023cc9f46c39,0
2229,5a9182a1136e123cd5b706e9,1
2230,5a911b46b58dbc3aaf33b2fd,0
2231,5a916457c067323ccfd8f318,1
2232,5a90ed98a4708771e63cf171,1
2233,5a904042385c10287f13272e,0
2234,5a9114378a70d339bad052af,0
2235,5a913a394334b26d5aacc279,0
2236,5a90e768be88aa70c9d1eae0,0
2237,5a9163534f226b6d1a901695,1
2238,5a90c443a4141e70cfcc6b3e,0
2239,5a9101b922ec3671e069edbd,0
2240,5a90c37b22ec3671e060187d,0
2241,5a90daedc2b09b71b5887543,1
2242,5a9173aec067323ccfdbadb9,0
2243,5928a90f6e08b7110becfe29,1
2244,5a90acf040c2ac296c9512fb,1
2245,5a9148b2d7c0cc3dd5f2d92f,1
2246,5a90cba35a89057bc5e46ec4,0
2247,5a911b25d5cca425bbd5c899,0
2248,5a91139083a4a424c7483dac,0
2249,5a917b1e2dc81c3dbde7a485,0
2250,5a90e05bc2b09b71b5895599,0
2251,5a90697a24a8b77a46411a6e,0
2252,5a914140eea2f86d208f3a14,0
2253,5a90c891a4708771e636eec3,1
2254,5a916eed0656621b212ffc16,1
2255,5a90472a8915192965bed3a6,1
2256,5a9181203da5b66d0e155a6e,1
2257,5a916d87c067323ccfda7969,1
2258,5a90fbf8c2b09b71b58d9065,0
2259,5a90d7cdf44bbc7a5057b9a4,0
2260,5a917a9a77a87a1b484974d9,1
2261,5a90426b3ca8087961b43646,0
2262,5a9106982c146c69e1852e66,0
2263,5a916c8fc067323ccfda5314,0
2264,59a9722ba6ead90eb7067e20,0
2265,5a91750d9cc8e21a4038bc7f,0
2266,5a912b009b3c6638b2c53553,0
2267,5a9150620656621b212ae102,1
2268,5a90f74e8567402cd0d52121,1
2269,5a911ef7afcda669db0e5bde,1
2270,5a912b0ebdde2a6c17dc848e,1
2271,5a90458aa5d47c29ae203826,0
2272,5a91214ddec1f525a32a8af5,1
2273,5a90c87ba8c8c7286d9a14b4,0
2274,5a9164fb77a87a1b484546db,0
2275,5a917cb4c067323ccfdd6da2,1
2276,5a91447d3da5b66d0e0b0686,0
2277,5a9175a2ae748a6e0c0626a0,1
2278,5a912144a15fb66b153ec5f9,1
2279,5a9118cf2c146c69e1880006,0
2280,5a91123c0ee0a224cdfa8eb0,1
2281,5a9110c0a15fb66b153c50ee,0
2282,5a90e6cd8915192965ca217f,1
2283,5a917206e7a6d81a34182369,1
2284,5a912f88c6b05409289ffe11,1
2285,5a90eae302e3ad70dbbe8b88,0
2286,5a9134eb4b685d3a192a8c81,1
2287,5a90401aa904c57a69607ca9,1
2288,5a91316dbc24906d0da14047,1
2289,5a9123f6ea93e90916f852ad,0
2290,5a9160d7edce3c1a469fbb5f,1
2291,5a911b7e944c583abbd603af,1
2292,5a91160d6d3f0d39c6c82ab5,0
2293,5a917803ae748a6e0c069f2c,1
2294,5a910f19b58dbc3aaf31d361,0
2295,5a914557edce3c1a469bba07,1
2296,5a90d8a6de6406794f584445,1
2297,5a9148d4b260876d140213a9,1
2298,5a904faf78278b7a9ef8f41c,1
2299,598b2f5fa55d183f3a05efa2,0
2300,5a91444b0656621b2128f915,1
2301,5a916f9d90e4ad6e3f67918f,0
2302,5a916a4cc3e5ce1a3ae2b8a6,1
2303,5a916e81d2414d1b7ef0dd51,1
2304,5a901bb5a904c57a695a5e6c,0
2305,5a917fc2b644a36e35f05879,1
2306,5a91788f0656621b2131e588,0
2307,5a90fe1424a8b77a464e5ddd,1
2308,5a8fce68fa99c115fb514a6d,1
2309,5a913abe1a955b6b7a4090b5,0
2310,5a1a7b9d4b010524d4e50195,0
2311,5a90c601f3460a71bb714951,1
2312,5a90e90fa4708771e63c3930,0
2313,5a915a9251c8421b3db6996f,1
2314,5a912bb973701b6c112029aa,0
2315,5a913fc851c8421b3db251d1,1
2316,5a918b4b0656621b213536e1,1
2317,5a90f786a8c8c7286da16863,0
2318,5a910283b2f18f70d54857b4,0
2319,5a90c2c498071c2879a12c41,0
2320,5a9159c3c150023cc9ed74db,0
2321,5a90dae28915192965c839d8,0
2322,5a90618c78278b7a9ef9cf3b,0
2323,5a915830ae748a6e0c010e07,0
2324,5a9116e6bb8dde24d384ddf9,0
2325,5a908e06be88aa70c9c8c1cf,0
2326,5a916acfeea2f86d2095dd6f,1
2327,5a911e87afcda669db0e4662,1
2328,5a91267bef6f0a6cfae87fd3,1
2329,5a9064233ca8087961b665cb,0
2330,5a90fda9b2f18f70d547a31d,0
2331,5a9162dcba53633cc351d77e,0
2332,5a91020ba5d47c29ae3020e1,0
2333,5a90dfe2bb101279555edc74,0
2334,5a913cdb2dc81c3dbddd2051,1
2335,5a905fdfa4141e70cfc7bae7,1
2336,5a90def0a904c57a696bd787,0
2337,5a91462cb644a36e35e67a67,0
2338,5a829762b44bf82047875709,0
2339,5a9133db50cf3c39b1439c1a,1
2340,5a90984978278b7a9efaa91a,1
2341,5a9121228a70d339bad25251,0
2342,5a90c6c8385c10287f1a6efd,1
2343,5a916882e7a6d81a34166db0,1
2344,5a9182ea90e4ad6e3f6b4dc0,1
2345,5a912812b268dd0837275243,0
2346,5a91695c4f226b6d1a911651,1
2347,5a917fcc2dc81c3dbde88ab7,1
2348,5a9116a78a70d339bad0b594,0
2349,5a913952e0acc11157a0f288,0
2350,5a9159f20656621b212c52da,1
2351,5a916ee7b644a36e35ed0e17,1
2352,5a90e49af3460a71bb760635,0
2353,5a9126cdc4d0110831fa5660,0
2354,5a9110d5bf2daa69d5a1d11a,1
2355,5a912e561c41d839bd597081,0
2356,5a917ad8136e123cd5b59387,1
2357,5a914ec4d2414d1b7eebce87,0
2358,5a905811a904c57a696281f9,0
2359,5a91313bc4d0110831fbf2a6,0
2360,5a907d3cf3460a71bb6cddf0,0
2361,5a913ca830ed121251907117,1
2362,5a90f752f3460a71bb79097a,1
2363,5a91502dedce3c1a469d3f53,1
2364,5a9156169cc8e21a4033299f,0
2365,5a914b23b873b36e1500872e,1
2366,5a90aba6a8c8c7286d96c60a,0
2367,5a915aa8c150023cc9ed9811,1
2368,5a9129af50cf3c39b141e115,1
2369,5a912d86690c6d0910fcabac,0
2370,5a91158c0ee0a224cdfb0728,1
2371,5a915639e7a6d81a34137e13,0
2372,5a91004f98071c2879aacf51,0
2373,5a91500e77a87a1b4841ea9b,1
2374,5a90e1085483fa2873cb7c47,1
2375,5a915ade0656621b212c7675,0
2376,5a90621122ec3671e05ba7a4,1
2377,5a9123ca7c58943a01e5d8cf,0
2378,5a9131a150cf3c39b14338d2,0
2379,5a6b111ef2fcb754091b61e7,1
2380,5a918021c067323ccfde14a1,0
2381,5a90f4ba9d051b795b189866,1
2382,5a913bd62fb586116387f3ef,1
2383,5a912d51ef6f0a6cfae9a9f1,0
2384,5a915131911b813db7f62485,0
2385,5a916ce4ba53633cc3538968,1
2386,5a915f3f2dc81c3dbde273ab,1
2387,5a904a5978278b7a9ef8911e,0
2388,5a91062c83a4a424c7463220,1
2389,5a915ac0b873b36e1502e8d5,1
2390,5a91418ad2414d1b7ee9caff,0
2391,5a90e040bb101279555eed16,1
2392,5a9156bdb644a36e35e91971,1
2393,5a915bbf136e123cd5b00a63,1
2394,5a90f275385c10287f215658,1
2395,5a913a05aea47c123f5dc4c2,1
2396,5a913f75d2414d1b7ee97c37,0
2397,5a9147ead7c0cc3dd5f2c2c8,1
2398,5a914685c150023cc9ea7389,1
2399,5a913942109d4141dd40810a,1
2400,5a90c81bf3460a71bb719682,1
2401,5a90574722ec3671e05b4332,1
2402,5a9168f913d96d3dcb2905f6,0
2403,5a911f52afcda669db0e6ae8,0
2404,5a912ae99b3c6638b2c5346f,0
2405,5a918275b260876d140c2baa,1
2406,5a916a574f226b6d1a9138c8,0
2407,5a905973a5d47c29ae21a9e6,1
2408,5a90fe6ca4141e70cfd58a49,1
2409,5a90ade0f3460a71bb6e5f8b,0
2410,5a910ab86e709f3ab5f7620a,1
2411,5a9159e39cc8e21a4033ca71,0
2412,5a9119626d3f0d39c6c8aea3,1
2413,5a91565dedce3c1a469e2ec5,1
2414,5a917106e7a6d81a3417f014,0
2415,5a9053ec385c10287f14d892,0
2416,5a90fe7c22ec3671e0697056,0
2417,5a916880136e123cd5b21685,0
2418,5a911b97944c583abbd60686,0
2419,5a91714bae748a6e0c054d65,1
2420,5a913ace0188ca43247ab4f6,0
2421,5a90db42bb101279555e0f0b,1
2422,5a910e182c146c69e186548f,0
2423,5a90c87ba8c8c7286d9a14b4,0
2424,5a904a37385c10287f1432b1,0
2425,5a905374a8c8c7286d946ff4,1
2426,5a918150136e123cd5b6c49b,1
2427,5a90f5aca5d47c29ae2e4122,1
2428,5a917623e7a6d81a3418f89c,0
2429,5a91030b5483fa2873d0da5d,1
2430,5a915d04edce3c1a469f36e1,0
2431,5a911d0910b97f25cb77833e,1
2432,5a912fc654cefb38bec57c73,0
2433,5a9158daba53633cc3502718,0
2434,5a90ed47a4141e70cfd2f12b,0
2435,5a915a143da5b66d0e0e4bbc,0
2436,5a905cc25483fa2873c1dcc9,1
2437,5a90d60e8915192965c76e90,1
2438,5a90d6ebbe88aa70c9cf73e1,1
2439,5982197044cd4e76bdb91dd8,1
2440,5a9171bcb873b36e1507157f,1
2441,5a9158c7e7a6d81a3413e846,1
2442,5a905200de6406794f4fec10,0
2443,5a91276eea93e90916f8d868,1
2444,5a91589db873b36e15029519,0
2445,5a9175e40656621b2131671b,0
2446,5a91248ed587696d2f51146d,0
2447,5a911cc96e709f3ab5fa33e5,1
2448,5a90cee778278b7a9e000dac,0
2449,5a91222f73701b6c111ea481,1
2450,5a915ab6ba53633cc3506d88,1
2451,5a916f0b3da5b66d0e11ce57,0
2452,5a912fecc4d0110831fbba5f,0
2453,5a903dedbb101279555342d1,0
2454,5a4ca14dae912361a337e8eb,1
2455,5a913a031a955b6b7a40724a,1
2456,5a91331c50cf3c39b14379aa,1
2457,5a9128f29b3c6638b2c4eb6d,1
2458,5a9080bdccff242978064786,0
2459,5a90d495a904c57a696a370c,1
2460,5a9125da7b9bc66c1d5efbce,1
2461,5a916fd951c8421b3dba4114,0
2462,5a915b150656621b212c7f39,0
2463,5a90c1ceb2f18f70d53e7bdc,0
2464,5a90eff202e3ad70dbbf4511,1
2465,5a90d786f3460a71bb73fbda,0
2466,5a91098f03e2e939b4785228,0
2467,5a90d2f6b2f18f70d5411716,1
2468,5a9139971a955b6b7a406528,1
2469,5a917cbbba53633cc3566e37,1
2470,5a913ef4edce3c1a469ab307,1
2471,5a913c49a3214211513d8f53,0
2472,5a9054c4f3460a71bb6bc2c9,0
2473,5a9043f1a8c8c7286d931945,0
2474,5a918931136e123cd5b822f5,0
2475,5a91602a90e4ad6e3f64d94f,1
2476,5a904727bb10127955545a6b,0
2477,5a91663613d96d3dcb28926d,1
2478,5a9122abeef847082ae2d09b,1
2479,5a915c47eea2f86d20937f1e,0
2480,5a9153b7c067323ccfd65cb7,1
2481,5a918937ae748a6e0c09b511,1
2482,594892d683cfaf038467abc7,1
2483,5a9128c7c6b05409289ee97e,0
2484,5a916c39136e123cd5b2bd4c,0
2485,5a9177f690e4ad6e3f692e57,0
2486,5a911a866d3f0d39c6c8d771,1
2487,5a916bb24f226b6d1a9180a2,0
2488,5a90471d22ec3671e05a2f02,1
2489,5a9170f12dc81c3dbde58dfc,1
2490,5a90e3545483fa2873cbd7ae,1
2491,5a9163bc77a87a1b48451428,1
2492,5a90fa2da4141e70cfd4e0c3,1
2493,5a90a01ca5d47c29ae231072,1
2494,5a7307d527fab80ee6289629,1
2495,5a910cf4dec1f525a3275b52,0
2496,5a9170df2dc81c3dbde58a2f,1
2497,5a91057a83a4a424c74617a8,0
2498,5a90dcac8915192965c87d32,0
2499,5a915649b644a36e35e90b94,0
2500,5a90e061b2f18f70d5431df9,0
2501,5a90cce702e3ad70dbb9b139,0
2502,5a9171f5911b813db7fb850d,1
2503,5a91302b9f58f00824fc8f25,1
2504,592234fd32599029e4f4e479,1
2505,5a905809a904c57a696281de,1
2506,5a914680b873b36e15ffd720,0
2507,5a9147f54f226b6d1a8bc05a,0
2508,5a9134804b685d3a192a7c67,1
2509,5a9132d7ef6f0a6cfaea8a56,0
2510,5a91828a3da5b66d0e159a35,1
2511,5a9163060656621b212dcb9e,1
2512,5a9115d503e2e939b47a27a7,1
2513,5a917a6ce7a6d81a3419d05d,1
2514,5a917b9ad7c0cc3dd5fbb3c3,1
2515,5a91724851c8421b3dbaa641,1
2516,5a90eb82c2b09b71b58b0e23,1
2517,5a907a788915192965c0dbfb,0
2518,5a9117328604a524c12b2b76,1
2519,5a910c6c6d3f0d39c6c6c90c,0
2520,5a91624beea2f86d2094761a,1
2521,5a90fac0a4141e70cfd4f5fe,0
2522,5a9079c740c2ac296c93b677,1
2523,5a9171abb260876d140911df,0
2524,5a9143f5d7c0cc3dd5f23551,0
2525,5a91563d4f226b6d1a8de839,0
2526,5a91789d77a87a1b48490e6b,1
2527,5a913bac30ed121251904193,1
2528,5a912f2d73701b6c1120b413,1
2529,5a904a73a4141e70cfc683dc,0
2530,5a9183cbedce3c1a46a62478,1
2531,5a90ef6924a8b77a464c3f60,1
2532,5a90da615483fa2873ca6a82,1
2533,5a916536e7a6d81a3415dee7,1
2534,5a2a9b7d0abf3c75a3b84a93,0
2535,5a916b53e7a6d81a3416e5ff,1
2536,5a90c16c385c10287f19b562,1
2537,5a90e141a5d47c29ae2b08c5,0
2538,5a907a5c385c10287f15dcf4,1
2539,5a9123ceb268dd083726a191,0
2540,5a9120396e709f3ab5fab49c,0
2541,5a914c8d2dc81c3dbddf8999,0
2542,5a914571d2414d1b7eea6454,0
2543,5a912954ef6f0a6cfae8f8c4,1
2544,5a912ab954cefb38bec4c406,0
2545,5a913bf50ec4576cb1af21c1,1
2546,5a916f7851c8421b3dba2d29,0
2547,5a9108322c146c69e1856a25,0
2548,5a913ff14f226b6d1a8a8b93,0
2549,5a90c87ba8c8c7286d9a14b4,0
2550,5a9160a5ba53633cc3517de3,0
2551,5a1b3a1b2af2df3cef3d787b,1
2552,5a9174b7e7a6d81a3418ac2c,1
2553,5a90cf8098071c2879a32a4f,1
2554,5a918682911b813db7ff7bf5,0
2555,5a916f1c90e4ad6e3f677676,0
2556,5a911e9a0ee0a224cdfc6a42,1
2557,5a914cf9ba53633cc34e699c,0
2558,5a9157f1d2414d1b7eed2caa,0
2559,5a91552bb873b36e15020948,0
2560,5a916891c067323ccfd9a531,0
2561,5a916150d2414d1b7eeea9aa,1
2562,5a904e80a5d47c29ae20fc3b,0
2563,5a912ac973701b6c11200100,1
2564,5a917a05d7c0cc3dd5fb5be6,1
2565,5a918485911b813db7ff1dc7,1
2566,5a916da2eea2f86d20965e6e,1
2567,5a90d9d4c2b09b71b58841d6,0
2568,5a9183a33da5b66d0e15d15c,0
2569,5a910418bb10127955645bfa,0
2570,5a9188ca3da5b66d0e169e27,0
2571,5a9177cdb873b36e15084a66,0
